-- ============================================================================
-- DATA IMPORT FOR VANNA AI TRAINING
-- Generated: 2025-11-06 15:34:43
-- ============================================================================

-- Drop existing tables if exists (cascade to remove all dependencies)
DROP TABLE IF EXISTS seer_performance CASCADE;
DROP TABLE IF EXISTS customer_potential CASCADE;
DROP TABLE IF EXISTS seer_speciality CASCADE;
DROP TABLE IF EXISTS "user" CASCADE;
DROP TABLE IF EXISTS knowledge_category CASCADE;

-- ============================================================================
-- CREATE TABLES
-- ============================================================================

-- Knowledge Category Table
CREATE TABLE knowledge_category (
    category_id VARCHAR(36) PRIMARY KEY,
    name VARCHAR(255) NOT NULL,
    description TEXT,
    created_at TIMESTAMP,
    updated_at TIMESTAMP
);

-- User Table (Customers and Seers)
CREATE TABLE "user" (
    user_id VARCHAR(36) PRIMARY KEY,
    role VARCHAR(20) NOT NULL CHECK (role IN ('SEER', 'CUSTOMER')),
    email VARCHAR(255) NOT NULL UNIQUE,
    gender VARCHAR(10),
    full_name VARCHAR(255) NOT NULL,
    profile_description TEXT,
    birth_date TIMESTAMP,
    created_at TIMESTAMP,
    updated_at TIMESTAMP
);

-- Seer Speciality Table (Seer-Category relationship)
CREATE TABLE seer_speciality (
    id VARCHAR(36) PRIMARY KEY,
    seer_id VARCHAR(36) NOT NULL,
    category_id VARCHAR(36) NOT NULL,
    created_at TIMESTAMP,
    updated_at TIMESTAMP,
    FOREIGN KEY (seer_id) REFERENCES "user"(user_id) ON DELETE CASCADE,
    FOREIGN KEY (category_id) REFERENCES knowledge_category(category_id) ON DELETE CASCADE
);

-- Customer Potential Table
CREATE TABLE customer_potential (
    id VARCHAR(36) PRIMARY KEY,
    customer_id VARCHAR(36) NOT NULL,
    month INT NOT NULL CHECK (month BETWEEN 1 AND 12),
    year INT NOT NULL,
    potential_point INT NOT NULL,
    potential_tier INT NOT NULL CHECK (potential_tier BETWEEN 0 AND 3), -- 0: CASUAL, 1: STANDARD, 2: PREMIUM, 3: VIP
    ranking INT NOT NULL,
    total_booking_requests INT NOT NULL DEFAULT 0,
    total_spending NUMERIC(15, 2) NOT NULL DEFAULT 0,
    cancelled_by_customer INT NOT NULL DEFAULT 0,
    created_at TIMESTAMP,
    updated_at TIMESTAMP,
    FOREIGN KEY (customer_id) REFERENCES "user"(user_id) ON DELETE CASCADE,
    UNIQUE (customer_id, month, year)
);

-- Seer Performance Table
CREATE TABLE seer_performance (
    id VARCHAR(36) PRIMARY KEY,
    seer_id VARCHAR(36) NOT NULL,
    month INT NOT NULL CHECK (month BETWEEN 1 AND 12),
    year INT NOT NULL,
    performance_tier INT NOT NULL CHECK (performance_tier BETWEEN 0 AND 3), -- 0: APPRENTICE, 1: PROFESSIONAL, 2: EXPERT, 3: MASTER
    performance_point INT NOT NULL,
    ranking INT NOT NULL,
    total_packages INT NOT NULL DEFAULT 0,
    total_rates INT NOT NULL DEFAULT 0,
    avg_rating NUMERIC(3, 2) NOT NULL DEFAULT 0,
    total_bookings INT NOT NULL DEFAULT 0,
    completed_bookings INT NOT NULL DEFAULT 0,
    cancelled_by_seer INT NOT NULL DEFAULT 0,
    total_revenue NUMERIC(15, 2) NOT NULL DEFAULT 0,
    bonus NUMERIC(15, 2) NOT NULL DEFAULT 0,
    created_at TIMESTAMP,
    updated_at TIMESTAMP,
    FOREIGN KEY (seer_id) REFERENCES "user"(user_id) ON DELETE CASCADE,
    UNIQUE (seer_id, month, year)
);

-- ============================================================================
-- INSERT DATA
-- ============================================================================

-- ============================================================================
-- KNOWLEDGE CATEGORIES (6 categories)
-- ============================================================================
INSERT INTO knowledge_category (category_id, name, description, created_at, updated_at) VALUES
('1a1d3003-cad8-4805-8e04-2170d12e5bcf', 'Cung Hoàng Đạo', 'Thông tin về tính cách, tình duyên và sự nghiệp theo 12 cung hoàng đạo', '2023-01-01 00:00:00.000', '2023-01-01 00:00:00.000'),
('2b2d3003-cad8-4805-8e04-2170d12e5bcf', 'Nhân Tướng Học', 'Giải mã tính cách và vận mệnh qua khuôn mặt, dáng người', '2023-01-01 00:00:00.000', '2023-01-01 00:00:00.000'),
('3c3d3003-cad8-4805-8e04-2170d12e5bcf', 'Ngũ Hành', 'Phân tích sự tương sinh, tương khắc của Kim - Mộc - Thủy - Hỏa - Thổ', '2023-01-01 00:00:00.000', '2023-01-01 00:00:00.000'),
('4d4d3003-cad8-4805-8e04-2170d12e5bcf', 'Chỉ Tay', 'Xem vận mệnh, tình duyên và sự nghiệp qua đường chỉ tay', '2023-01-01 00:00:00.000', '2023-01-01 00:00:00.000'),
('5e5d3003-cad8-4805-8e04-2170d12e5bcf', 'Tarot', 'Giải bài tarot để tìm lời khuyên và định hướng cho cuộc sống', '2023-01-01 00:00:00.000', '2023-01-01 00:00:00.000'),
('6f6d3003-cad8-4805-8e04-2170d12e5bcf', 'Khác', 'Các hình thức xem bói và dự đoán khác', '2023-01-01 00:00:00.000', '2023-01-01 00:00:00.000');

-- Total: 6 categories

-- ============================================================================
-- USERS (Customers and Seers - Essential fields only)
-- ============================================================================
INSERT INTO "user" (user_id, role, email, gender, full_name, profile_description, birth_date, created_at, updated_at) VALUES
('550e8400-e29b-41d4-a716-446655440001', 'CUSTOMER', 'phandinhminh@gmail.com', 'Nam', 'Phan Đình Minh', 'Tôi là một người yêu thích tìm hiểu về bản thân và tương lai. Thích đọc sách về tâm linh và chiêm tinh.', '1995-03-15 08:30:00.000', '2025-02-10 09:15:00.000', '2025-11-03 16:45:00.000'),
('550e8400-e29b-41d4-a716-446655440002', 'CUSTOMER', 'huavanly@gmail.com', 'Nam', 'Hứa Văn Lý', 'Mẹ đơn thân hai con, đang tìm cách cân bằng giữa công việc và cuộc sống gia đình. Quan tâm đến phong thủy và tử vi.', '1988-07-22 14:15:00.000', '2025-06-05 13:20:00.000', '2025-03-12 08:55:00.000'),
('550e8400-e29b-41d4-a716-446655440003', 'CUSTOMER', 'nguyenvanthien@gmail.com', 'Nam', 'Nguyễn Văn Thiện', 'Doanh nhân trẻ, đang phát triển startup về công nghệ. Thích tìm hiểu về nhân tướng học để hiểu hơn về đối tác.', '1992-11-08 10:45:00.000', '2025-09-20 12:10:00.000', '2025-06-08 14:40:00.000'),
('550e8400-e29b-41d4-a716-446655440004', 'CUSTOMER', 'tranminhduc@gmail.com', 'Nam', 'Trần Minh Đức', 'Giáo viên trung học, đam mê đọc sách và tìm hiểu về ngũ hành. Muốn hiểu hơn về bản thân và cách nuôi dạy con cái.', '1985-05-30 16:20:00.000', '2025-04-18 11:35:00.000', '2025-01-27 15:20:00.000'),
('550e8400-e29b-41d4-a716-446655440005', 'CUSTOMER', 'levanhai@gmail.com', 'Nam', 'Lê Văn Hải', 'Kỹ sư phần mềm, thích công nghệ và logic. Gần đây bắt đầu quan tâm đến chiêm tinh và cách nó ảnh hưởng đến sự nghiệp.', '1998-09-12 12:00:00.000', '2025-08-03 10:25:00.000', '2025-04-19 13:30:00.000'),
('550e8400-e29b-41d4-a716-446655440006', 'CUSTOMER', 'nguyenthilan@gmail.com', 'Nữ', 'Nguyễn Thị Lan', 'Nội trợ, đam mê nấu ăn và chăm sóc gia đình. Muốn tìm hiểu về phong thủy nhà cửa để mang lại may mắn cho gia đình.', '1982-04-25 09:45:00.000', '2025-11-15 14:30:00.000', '2025-08-22 11:15:00.000'),
('550e8400-e29b-41d4-a716-446655440007', 'CUSTOMER', 'tranvanhoang@gmail.com', 'Nam', 'Trần Văn Hoàng', 'Sinh viên đại học ngành kinh tế. Thích tìm hiểu về tử vi để định hướng tương lai và chọn ngành nghề phù hợp.', '2001-12-08 16:20:00.000', '2025-01-20 10:45:00.000', '2025-11-05 09:30:00.000'),
('550e8400-e29b-41d4-a716-446655440008', 'CUSTOMER', 'lethiminh@gmail.com', 'Nữ', 'Lê Thị Minh', 'Nhân viên văn phòng, đang trong thời kỳ tìm hiểu về bản thân và phát triển bản thân. Quan tâm đến nhân tướng học.', '1990-06-14 11:30:00.000', '2025-07-12 15:20:00.000', '2025-02-18 13:45:00.000'),
('550e8400-e29b-41d4-a716-446655440009', 'CUSTOMER', 'phamvandong@gmail.com', 'Nam', 'Phạm Văn Đông', 'Chủ doanh nghiệp nhỏ, đang phát triển kinh doanh. Muốn tìm hiểu về phong thủy để chọn hướng kinh doanh tốt hơn.', '1978-09-03 07:15:00.000', '2025-11-08 12:40:00.000', '2025-09-14 16:25:00.000'),
('550e8400-e29b-41d4-a716-446655440010', 'CUSTOMER', 'hoangthuynga@gmail.com', 'Nữ', 'Hoàng Thủy Nga', 'Giảng viên đại học, chuyên ngành tâm lý học. Thích kết hợp tâm linh với khoa học để hiểu hơn về con người.', '1986-01-17 13:55:00.000', '2025-03-25 08:50:00.000', '2025-01-10 14:20:00.000'),
('550e8400-e29b-41d4-a716-446655440011', 'CUSTOMER', 'nguyenvananh@gmail.com', 'Nam', 'Nguyễn Văn Anh', 'Bác sĩ nội khoa, đam mê y học cổ truyền. Muốn kết hợp y học hiện đại với chiêm tinh để tư vấn sức khỏe toàn diện.', '1975-11-22 10:10:00.000', '2025-05-18 11:25:00.000', '2025-10-30 15:40:00.000'),
('550e8400-e29b-41d4-a716-446655440012', 'CUSTOMER', 'tranminhluan@gmail.com', 'Nam', 'Trần Minh Luân', 'Luật sư chuyên về dân sự. Thích tìm hiểu về nhân tướng học để đánh giá tính cách đối tác trong các vụ kiện.', '1983-07-09 14:35:00.000', '2025-09-05 16:15:00.000', '2025-11-20 10:55:00.000'),
('550e8400-e29b-41d4-a716-446655440013', 'CUSTOMER', 'lethihong@gmail.com', 'Nữ', 'Lê Thị Hồng', 'Giáo viên mầm non, yêu trẻ em và muốn tạo môi trường giáo dục tốt nhất. Quan tâm đến phong thủy lớp học.', '1989-02-28 08:45:00.000', '2025-01-12 13:30:00.000', '2025-11-08 17:20:00.000'),
('550e8400-e29b-41d4-a716-446655440014', 'CUSTOMER', 'phamvankiet@gmail.com', 'Nam', 'Phạm Văn Kiệt', 'Kỹ sư xây dựng, đang làm việc cho các dự án lớn. Muốn tìm hiểu về phong thủy để chọn hướng xây dựng tốt.', '1981-05-16 12:20:00.000', '2025-08-30 09:40:00.000', '2025-03-15 14:10:00.000'),
('550e8400-e29b-41d4-a716-446655440015', 'CUSTOMER', 'hoangminhtam@gmail.com', 'Nam', 'Hoàng Minh Tâm', 'Nhân viên ngân hàng, làm việc với con số và tài chính. Thích tìm hiểu về tử vi để quản lý tài chính cá nhân.', '1993-10-05 15:55:00.000', '2025-02-28 11:05:00.000', '2025-09-12 16:35:00.000'),
('550e8400-e29b-41d4-a716-446655440016', 'CUSTOMER', 'ngothilan@gmail.com', 'Nữ', 'Ngô Thị Lan', 'Nhiếp ảnh gia tự do, sáng tạo nghệ thuật. Thích kết hợp nhiếp ảnh với chiêm tinh để tạo ra những tác phẩm ý nghĩa.', '1996-12-30 07:25:00.000', '2025-06-22 14:50:00.000', '2025-01-05 12:15:00.000'),
('550e8400-e29b-41d4-a716-446655440017', 'CUSTOMER', 'dangthuyduong@gmail.com', 'Nữ', 'Đặng Thủy Dương', 'Y tá bệnh viện, chăm sóc sức khỏe người bệnh. Quan tâm đến y học cổ truyền và cách nó ảnh hưởng đến sức khỏe.', '1987-08-19 16:40:00.000', '2025-10-14 10:35:00.000', '2025-07-29 13:50:00.000'),
('550e8400-e29b-41d4-a716-446655440018', 'CUSTOMER', 'vuthanhcong@gmail.com', 'Nam', 'Vũ Thanh Công', 'Quản lý bán hàng cho công ty điện tử. Thích tìm hiểu về nhân tướng học để hiểu khách hàng và đối tác tốt hơn.', '1979-03-07 09:15:00.000', '2025-11-03 15:45:00.000', '2025-08-17 11:30:00.000'),
('550e8400-e29b-41d4-a716-446655440019', 'CUSTOMER', 'buiquanghuy@gmail.com', 'Nam', 'Bùi Quang Huy', 'Freelancer thiết kế đồ họa, làm việc tự do. Muốn tìm hiểu về phong thủy để chọn thời điểm tốt cho các dự án.', '1998-06-11 13:05:00.000', '2025-04-09 08:25:00.000', '2025-02-22 14:55:00.000'),
('550e8400-e29b-41d4-a716-446655440020', 'CUSTOMER', 'nguyenminhanh@gmail.com', 'Nữ', 'Nguyễn Minh Anh', 'Học sinh THPT, đang chuẩn bị thi đại học. Thích đọc sách về tâm linh để tìm động lực và định hướng tương lai.', '2007-04-14 11:50:00.000', '2025-05-16 12:40:00.000', '2025-10-25 09:15:00.000'),
('550e8400-e29b-41d4-a716-446655440021', 'CUSTOMER', 'tranthihong@gmail.com', 'Nữ', 'Trần Thị Hồng', 'Giáo viên tiểu học, yêu thích nghệ thuật và tâm linh. Quan tâm đến Tarot và chiêm tinh.', '1990-05-12 09:20:00.000', '2025-03-08 10:30:00.000', '2025-10-20 14:25:00.000'),
('550e8400-e29b-41d4-a716-446655440022', 'CUSTOMER', 'levanminh@gmail.com', 'Nam', 'Lê Văn Minh', 'Kỹ sư phần mềm, thích khám phá những điều huyền bí. Tìm hiểu về nhân tướng và phong thủy.', '1993-08-25 16:45:00.000', '2025-04-15 11:20:00.000', '2025-11-01 08:50:00.000'),
('550e8400-e29b-41d4-a716-446655440023', 'CUSTOMER', 'phamthilan@gmail.com', 'Nữ', 'Phạm Thị Lan', 'Nhân viên văn phòng, đang tìm kiếm sự cân bằng trong cuộc sống. Thích xem bói Tarot.', '1996-02-18 13:10:00.000', '2025-01-22 09:45:00.000', '2025-09-28 15:30:00.000'),
('550e8400-e29b-41d4-a716-446655440024', 'CUSTOMER', 'hoangvantuan@gmail.com', 'Nam', 'Hoàng Văn Tuấn', 'Chủ quán cà phê nhỏ, yêu thích không gian yên tĩnh. Quan tâm đến phong thủy và ngũ hành.', '1985-11-30 07:55:00.000', '2025-02-28 13:15:00.000', '2025-10-15 11:40:00.000'),
('550e8400-e29b-41d4-a716-446655440025', 'CUSTOMER', 'vuthimai@gmail.com', 'Nữ', 'Vũ Thị Mai', 'Y tá tại bệnh viện, hay căng thẳng với công việc. Tìm đến tâm linh để thư giãn.', '1991-07-08 14:30:00.000', '2025-05-10 08:20:00.000', '2025-11-02 16:55:00.000'),
('550e8400-e29b-41d4-a716-446655440026', 'CUSTOMER', 'dangvanhanh@gmail.com', 'Nam', 'Đặng Văn Hạnh', 'Tài xế Grab, gặp nhiều người trong ngày. Thích nghe về chỉ tay và tử vi.', '1987-04-03 10:00:00.000', '2025-06-18 14:35:00.000', '2025-10-08 09:20:00.000'),
('550e8400-e29b-41d4-a716-446655440027', 'CUSTOMER', 'buithinhu@gmail.com', 'Nữ', 'Bùi Thị Như', 'Sinh viên năm cuối ngành Marketing. Đam mê nghệ thuật và tâm linh, thích Tarot.', '2002-09-22 11:15:00.000', '2025-07-25 10:10:00.000', '2025-11-03 13:45:00.000'),
('550e8400-e29b-41d4-a716-446655440028', 'CUSTOMER', 'dovanlong@gmail.com', 'Nam', 'Đỗ Văn Long', 'Kiến trúc sư, quan tâm đến phong thủy trong thiết kế. Tìm hiểu về ngũ hành và bát quái.', '1989-12-17 15:40:00.000', '2025-03-30 12:25:00.000', '2025-09-14 10:35:00.000'),
('550e8400-e29b-41d4-a716-446655440029', 'CUSTOMER', 'ngothinga@gmail.com', 'Nữ', 'Ngô Thị Nga', 'Chủ cửa hàng thời trang, yêu thích sự sáng tạo. Quan tâm đến cung hoàng đạo và Tarot.', '1994-06-05 08:50:00.000', '2025-04-12 11:50:00.000', '2025-10-22 14:10:00.000'),
('550e8400-e29b-41d4-a716-446655440030', 'CUSTOMER', 'lyvanbinh@gmail.com', 'Nam', 'Lý Văn Bình', 'Nhà báo tự do, thích khám phá những câu chuyện tâm linh. Tìm hiểu về nhân tướng học.', '1992-01-28 12:20:00.000', '2025-02-14 09:30:00.000', '2025-11-04 15:25:00.000'),
('550e8400-e29b-41d4-a716-446655440031', 'CUSTOMER', 'truongthihuyen@gmail.com', 'Nữ', 'Trương Thị Huyền', 'Kế toán trưởng công ty, cẩn thận và tỉ mỉ. Quan tâm đến tử vi và phong thủy.', '1988-10-14 09:35:00.000', '2025-01-19 13:45:00.000', '2025-09-30 10:20:00.000'),
('550e8400-e29b-41d4-a716-446655440032', 'CUSTOMER', 'phanvanduc@gmail.com', 'Nam', 'Phan Văn Đức', 'Huấn luyện viên gym, yêu thể thao. Tìm hiểu về ngũ hành để cân bằng năng lượng.', '1995-03-20 16:10:00.000', '2025-05-22 08:15:00.000', '2025-10-18 14:55:00.000'),
('550e8400-e29b-41d4-a716-446655440033', 'CUSTOMER', 'hathithuy@gmail.com', 'Nữ', 'Hà Thị Thủy', 'Luật sư trẻ, làm việc tại văn phòng luật. Thích xem Tarot để giải tỏa stress.', '1997-07-11 10:25:00.000', '2025-06-08 11:40:00.000', '2025-11-01 09:30:00.000'),
('550e8400-e29b-41d4-a716-446655440034', 'CUSTOMER', 'maivankhanh@gmail.com', 'Nam', 'Mai Văn Khánh', 'Bác sĩ nha khoa, làm việc tại phòng khám riêng. Quan tâm đến chiêm tinh và cung hoàng đạo.', '1986-11-27 14:45:00.000', '2025-03-16 10:05:00.000', '2025-10-25 13:50:00.000'),
('550e8400-e29b-41d4-a716-446655440035', 'CUSTOMER', 'dinhthioanh@gmail.com', 'Nữ', 'Đinh Thị Oanh', 'Nhà thiết kế đồ họa, sáng tạo và nghệ sĩ. Thích nghiên cứu về Tarot và chiêm tinh.', '1993-05-16 11:55:00.000', '2025-07-03 15:20:00.000', '2025-11-02 11:15:00.000'),
('550e8400-e29b-41d4-a716-446655440036', 'CUSTOMER', 'tovanphong@gmail.com', 'Nam', 'Tô Văn Phong', 'Giám đốc kinh doanh, thường xuyên đi công tác. Quan tâm đến phong thủy và chỉ tay.', '1984-09-09 08:30:00.000', '2025-02-27 12:35:00.000', '2025-09-19 16:40:00.000'),
('550e8400-e29b-41d4-a716-446655440037', 'CUSTOMER', 'nguyenthithao@gmail.com', 'Nữ', 'Nguyễn Thị Thảo', 'Điều dưỡng viên, yêu động vật và thiên nhiên. Tìm hiểu về ngũ hành và cung hoàng đạo.', '1990-12-02 13:20:00.000', '2025-04-20 09:50:00.000', '2025-10-12 14:25:00.000'),
('550e8400-e29b-41d4-a716-446655440038', 'CUSTOMER', 'levantam@gmail.com', 'Nam', 'Lê Văn Tâm', 'Chuyên viên IT, làm việc remote. Thích tìm hiểu về Tarot và nhân tướng học.', '1996-04-25 15:00:00.000', '2025-05-29 14:10:00.000', '2025-11-03 10:45:00.000'),
('550e8400-e29b-41d4-a716-446655440039', 'CUSTOMER', 'phamthiphuong@gmail.com', 'Nữ', 'Phạm Thị Phượng', 'Chủ tiệm nail, gặp gỡ nhiều khách hàng mỗi ngày. Quan tâm đến chỉ tay và tử vi.', '1991-08-18 10:40:00.000', '2025-01-25 11:25:00.000', '2025-10-07 15:55:00.000'),
('550e8400-e29b-41d4-a716-446655440040', 'CUSTOMER', 'hoangvanthanh@gmail.com', 'Nam', 'Hoàng Văn Thành', 'Nhiếp ảnh gia tự do, đam mê nghệ thuật. Thích nghiên cứu về Tarot và phong thủy.', '1994-02-09 12:15:00.000', '2025-06-14 08:40:00.000', '2025-11-04 12:30:00.000'),
('550e8400-e29b-41d4-a716-446655440041', 'CUSTOMER', 'vuthihien@gmail.com', 'Nữ', 'Vũ Thị Hiền', 'Biên tập viên, yêu thích văn học. Quan tâm đến cung hoàng đạo và Tarot.', '1989-06-30 14:50:00.000', '2025-03-22 10:15:00.000', '2025-10-28 13:40:00.000'),
('550e8400-e29b-41d4-a716-446655440042', 'CUSTOMER', 'dangvanson@gmail.com', 'Nam', 'Đặng Văn Sơn', 'Nhân viên bán hàng điện tử, thích công nghệ. Tìm hiểu về nhân tướng và chỉ tay.', '1997-10-07 09:25:00.000', '2025-07-11 15:30:00.000', '2025-11-02 09:50:00.000'),
('550e8400-e29b-41d4-a716-446655440043', 'CUSTOMER', 'buithitam@gmail.com', 'Nữ', 'Bùi Thị Tâm', 'Dược sĩ, làm việc tại nhà thuốc. Quan tâm đến ngũ hành và phong thủy trong sức khỏe.', '1992-03-14 11:05:00.000', '2025-02-18 12:20:00.000', '2025-09-22 16:10:00.000'),
('550e8400-e29b-41d4-a716-446655440044', 'CUSTOMER', 'dovanhung@gmail.com', 'Nam', 'Đỗ Văn Hùng', 'Thợ sửa xe ô tô, khéo tay. Thích xem chỉ tay và tử vi.', '1987-12-22 08:15:00.000', '2025-05-05 09:35:00.000', '2025-10-30 11:20:00.000'),
('550e8400-e29b-41d4-a716-446655440045', 'CUSTOMER', 'ngothithu@gmail.com', 'Nữ', 'Ngô Thị Thu', 'Chuyên viên nhân sự, gặp nhiều người. Quan tâm đến nhân tướng học và Tarot.', '1995-09-03 13:30:00.000', '2025-04-08 14:45:00.000', '2025-11-01 10:25:00.000'),
('550e8400-e29b-41d4-a716-446655440046', 'CUSTOMER', 'lyvantung@gmail.com', 'Nam', 'Lý Văn Tùng', 'Đầu bếp nhà hàng cao cấp, sáng tạo món ăn. Tìm hiểu về phong thủy và ngũ hành.', '1990-01-19 16:20:00.000', '2025-01-30 11:10:00.000', '2025-10-16 14:35:00.000'),
('550e8400-e29b-41d4-a716-446655440047', 'CUSTOMER', 'truongthiyen@gmail.com', 'Nữ', 'Trương Thị Yến', 'Quản lý khách sạn, làm việc trong ngành dịch vụ. Quan tâm đến cung hoàng đạo.', '1988-05-26 10:45:00.000', '2025-06-20 13:55:00.000', '2025-11-03 15:10:00.000'),
('550e8400-e29b-41d4-a716-446655440048', 'CUSTOMER', 'phanvanquang@gmail.com', 'Nam', 'Phan Văn Quang', 'Kỹ thuật viên điện tử, thích nghiên cứu. Tìm hiểu về Tarot và chiêm tinh.', '1993-11-11 12:00:00.000', '2025-03-26 08:25:00.000', '2025-09-11 11:50:00.000'),
('550e8400-e29b-41d4-a716-446655440049', 'CUSTOMER', 'hathilien@gmail.com', 'Nữ', 'Hà Thị Liên', 'Giáo viên mầm non, yêu trẻ con. Quan tâm đến phong thủy và tử vi gia đình.', '1996-07-29 09:10:00.000', '2025-07-17 10:40:00.000', '2025-10-24 13:20:00.000'),
('550e8400-e29b-41d4-a716-446655440050', 'CUSTOMER', 'maivanduy@gmail.com', 'Nam', 'Mai Văn Duy', 'Giảng viên đại học, nghiên cứu khoa học. Thích tìm hiểu về nhân tướng và chỉ tay.', '1985-04-12 14:25:00.000', '2025-02-22 15:05:00.000', '2025-11-04 09:45:00.000'),
('550e8400-e29b-41d4-a716-446655440051', 'CUSTOMER', 'dinhthithom@gmail.com', 'Nữ', 'Đinh Thị Thơm', 'Nhân viên spa, làm việc thư giãn. Quan tâm đến Tarot và ngũ hành.', '1991-02-08 11:30:00.000', '2025-05-12 12:15:00.000', '2025-10-20 08:40:00.000'),
('550e8400-e29b-41d4-a716-446655440052', 'CUSTOMER', 'tovanhai@gmail.com', 'Nam', 'Tô Văn Hải', 'Nhà thiết kế nội thất, sáng tạo không gian. Thích phong thủy và cung hoàng đạo.', '1994-08-15 15:50:00.000', '2025-04-28 09:20:00.000', '2025-11-01 14:30:00.000'),
('550e8400-e29b-41d4-a716-446655440053', 'CUSTOMER', 'nguyenthisuong@gmail.com', 'Nữ', 'Nguyễn Thị Sương', 'Chủ cửa hàng hoa tươi, yêu thiên nhiên. Quan tâm đến chỉ tay và Tarot.', '1998-12-05 10:15:00.000', '2025-06-25 11:35:00.000', '2025-10-10 15:20:00.000'),
('550e8400-e29b-41d4-a716-446655440054', 'CUSTOMER', 'levanhieu@gmail.com', 'Nam', 'Lê Văn Hiếu', 'Thợ điện, làm việc tự do. Tìm hiểu về nhân tướng và tử vi.', '1986-06-18 13:45:00.000', '2025-03-14 10:50:00.000', '2025-09-26 12:05:00.000'),
('550e8400-e29b-41d4-a716-446655440055', 'CUSTOMER', 'phamthiuyen@gmail.com', 'Nữ', 'Phạm Thị Uyên', 'Nhân viên hàng không, thường xuyên bay. Quan tâm đến cung hoàng đạo và Tarot.', '1992-09-27 08:20:00.000', '2025-07-09 14:25:00.000', '2025-11-02 16:40:00.000'),
('550e8400-e29b-41d4-a716-446655440056', 'CUSTOMER', 'hoangvanloc@gmail.com', 'Nam', 'Hoàng Văn Lộc', 'Quản lý dự án xây dựng, công việc bận rộn. Thích phong thủy và ngũ hành.', '1983-11-03 16:30:00.000', '2025-02-05 13:10:00.000', '2025-10-18 09:55:00.000'),
('550e8400-e29b-41d4-a716-446655440057', 'CUSTOMER', 'vuthikim@gmail.com', 'Nữ', 'Vũ Thị Kim', 'Streamer game, yêu công nghệ. Tìm hiểu về Tarot và chiêm tinh học.', '2000-04-21 12:40:00.000', '2025-08-15 10:30:00.000', '2025-11-04 13:15:00.000'),
('550e8400-e29b-41d4-a716-446655440058', 'CUSTOMER', 'dangvannam@gmail.com', 'Nam', 'Đặng Văn Nam', 'Nhân viên bưu điện, gặp nhiều người. Quan tâm đến chỉ tay và tử vi.', '1995-01-10 09:05:00.000', '2025-05-18 11:45:00.000', '2025-09-29 15:30:00.000'),
('550e8400-e29b-41d4-a716-446655440059', 'CUSTOMER', 'buithiha@gmail.com', 'Nữ', 'Bùi Thị Hà', 'Thư ký văn phòng, tỉ mỉ cẩn thận. Thích nghiên cứu về nhân tướng học.', '1989-07-07 14:55:00.000', '2025-01-28 12:20:00.000', '2025-10-31 10:10:00.000'),
('550e8400-e29b-41d4-a716-446655440060', 'CUSTOMER', 'dovankhoa@gmail.com', 'Nam', 'Đỗ Văn Khoa', 'Nhà phát triển web, làm việc tại công ty startup. Quan tâm đến cung hoàng đạo.', '1997-03-31 11:25:00.000', '2025-06-30 09:35:00.000', '2025-11-03 14:50:00.000'),
('550e8400-e29b-41d4-a716-446655440061', 'CUSTOMER', 'ngothihue@gmail.com', 'Nữ', 'Ngô Thị Huệ', 'Bà nội trợ, chăm sóc gia đình. Tìm hiểu về phong thủy và ngũ hành nhà cửa.', '1980-10-23 08:40:00.000', '2025-03-11 13:50:00.000', '2025-10-14 11:25:00.000'),
('550e8400-e29b-41d4-a716-446655440062', 'CUSTOMER', 'lyvandong@gmail.com', 'Nam', 'Lý Văn Đông', 'Vận động viên thể thao, kỷ luật cao. Quan tâm đến Tarot và chiêm tinh.', '1993-12-16 15:10:00.000', '2025-07-22 10:05:00.000', '2025-11-01 16:35:00.000'),
('550e8400-e29b-41d4-a716-446655440063', 'CUSTOMER', 'truongthixuan@gmail.com', 'Nữ', 'Trương Thị Xuân', 'Chuyên viên tư vấn tâm lý, lắng nghe người khác. Thích Tarot và nhân tướng học.', '1990-05-05 12:35:00.000', '2025-04-17 14:20:00.000', '2025-10-22 09:45:00.000'),
('550e8400-e29b-41d4-a716-446655440064', 'CUSTOMER', 'phanvanthang@gmail.com', 'Nam', 'Phan Văn Thắng', 'Thợ may, khéo tay sáng tạo. Quan tâm đến chỉ tay và tử vi.', '1984-08-28 09:50:00.000', '2025-02-15 11:40:00.000', '2025-09-17 13:55:00.000'),
('550e8400-e29b-41d4-a716-446655440065', 'CUSTOMER', 'hathingoc@gmail.com', 'Nữ', 'Hà Thị Ngọc', 'Blogger du lịch, khám phá thế giới. Thích tìm hiểu về cung hoàng đạo và Tarot.', '1996-11-19 13:15:00.000', '2025-08-03 15:25:00.000', '2025-11-04 10:30:00.000'),
('550e8400-e29b-41d4-a716-446655440066', 'CUSTOMER', 'maivanhuy@gmail.com', 'Nam', 'Mai Văn Huy', 'Giám sát công trình, đi nhiều công trường. Quan tâm đến phong thủy xây dựng.', '1988-02-14 10:00:00.000', '2025-05-26 12:10:00.000', '2025-10-19 14:45:00.000'),
('550e8400-e29b-41d4-a716-446655440067', 'CUSTOMER', 'dinhthitrang@gmail.com', 'Nữ', 'Đinh Thị Trang', 'Sinh viên ngành Kinh tế, chăm chỉ học tập. Thích đọc Tarot để giải trí.', '2003-06-01 14:30:00.000', '2025-09-12 09:15:00.000', '2025-11-02 11:50:00.000'),
('550e8400-e29b-41d4-a716-446655440068', 'CUSTOMER', 'tovantrieu@gmail.com', 'Nam', 'Tô Văn Triệu', 'Nhân viên ngân hàng, làm việc cẩn thận. Quan tâm đến nhân tướng và chỉ tay.', '1991-09-10 11:20:00.000', '2025-01-20 10:30:00.000', '2025-10-27 15:15:00.000'),
('550e8400-e29b-41d4-a716-446655440069', 'CUSTOMER', 'nguyenthivan@gmail.com', 'Nữ', 'Nguyễn Thị Vân', 'Chủ tiệm bánh ngọt, sáng tạo món ăn. Thích tìm hiểu về ngũ hành và phong thủy.', '1994-04-17 08:45:00.000', '2025-06-11 13:40:00.000', '2025-11-03 12:25:00.000'),
('550e8400-e29b-41d4-a716-446655440070', 'CUSTOMER', 'levandung@gmail.com', 'Nam', 'Lê Văn Dũng', 'Nhà văn tự do, yêu thích sáng tác. Quan tâm đến cung hoàng đạo và Tarot để tìm cảm hứng.', '1987-10-25 16:05:00.000', '2025-04-05 14:55:00.000', '2025-11-05 09:30:00.000'),
('550e8400-e29b-41d4-a716-446655440021', 'SEER', 'thayboivananh@gmail.com', 'Nam', 'Thầy Bùi Văn Anh', 'Thầy bói với hơn 15 năm kinh nghiệm trong lĩnh vực xem bói Tarot, cung hoàng đạo và nhân tướng học. Đã tư vấn cho hơn 5000 khách hàng về tình duyên, sự nghiệp và gia đạo.', '1980-08-15 14:30:00.000', '2025-03-10 08:20:00.000', '2025-11-02 16:45:00.000'),
('550e8400-e29b-41d4-a716-446655440022', 'SEER', 'cohoailinh@gmail.com', 'Nữ', 'Cô Nguyễn Thị Hoa Linh', 'Chuyên gia về Tarot và Cung Hoàng Đạo với 12 năm kinh nghiệm. Tốt nghiệp khóa học Tarot quốc tế và có chứng chỉ hành nghề Chiêm Tinh học. Đã tư vấn cho hơn 3000 khách hàng về tình duyên và sự nghiệp.', '1988-03-20 10:15:00.000', '2025-02-15 09:30:00.000', '2025-11-01 10:20:00.000'),
('550e8400-e29b-41d4-a716-446655440023', 'SEER', 'thayngocminh@gmail.com', 'Nam', 'Thầy Trần Ngọc Minh', 'Chuyên gia Nhân Tướng Học và Xem Chỉ Tay với 18 năm kinh nghiệm. Kế thừa nghề từ gia đình với truyền thống 3 đời làm thầy bói. Đã tư vấn cho hơn 6000 khách hàng.', '1975-11-08 08:45:00.000', '2025-01-20 10:15:00.000', '2025-10-28 15:30:00.000'),
('550e8400-e29b-41d4-a716-446655440024', 'SEER', 'colanhuong@gmail.com', 'Nữ', 'Cô Lê Anh Hương', 'Chuyên gia Phong Thủy và Ngũ Hành với 10 năm kinh nghiệm. Tư vấn phong thủy nhà ở, văn phòng và chọn ngày tốt.', '1990-05-15 14:20:00.000', '2025-03-25 11:10:00.000', '2025-11-03 09:45:00.000'),
('550e8400-e29b-41d4-a716-446655440025', 'SEER', 'thayphucthanh@gmail.com', 'Nam', 'Thầy Võ Phúc Thành', 'Chuyên gia Tarot và Xem Chỉ Tay với 8 năm kinh nghiệm. Phong cách tư vấn tận tâm, dễ hiểu. Đã giúp đỡ hơn 1500 khách hàng tìm ra hướng đi đúng đắn.', '1992-07-25 16:30:00.000', '2025-04-10 14:25:00.000', '2025-10-20 11:15:00.000'),
('550e8400-e29b-41d4-a716-446655440026', 'SEER', 'comylinh@gmail.com', 'Nữ', 'Cô Phạm Mỹ Linh', 'Chuyên gia Cung Hoàng Đạo và Nhân Tướng với 14 năm kinh nghiệm. Tư vấn về tính cách, tình duyên và định hướng sự nghiệp. Đã tư vấn cho hơn 4500 khách hàng.', '1985-12-10 09:45:00.000', '2025-02-28 10:20:00.000', '2025-10-25 16:10:00.000'),
('550e8400-e29b-41d4-a716-446655440027', 'SEER', 'thayvanhieu@gmail.com', 'Nam', 'Thầy Nguyễn Văn Hiếu', 'Thầy bói chuyên về Tarot, Nhân Tướng và Ngũ Hành với 16 năm kinh nghiệm. Kết hợp nhiều phương pháp để tư vấn toàn diện.', '1978-04-18 11:30:00.000', '2025-01-15 09:10:00.000', '2025-10-30 14:25:00.000'),
('550e8400-e29b-41d4-a716-446655440028', 'SEER', 'cothuytrang@gmail.com', 'Nữ', 'Cô Đỗ Thùy Trang', 'Chuyên gia Tarot trẻ tuổi với 6 năm kinh nghiệm. Phong cách tư vấn hiện đại, dễ gần. Đã tư vấn cho hơn 1200 bạn trẻ.', '1995-09-12 13:20:00.000', '2025-05-08 11:30:00.000', '2025-11-02 09:15:00.000'),
('550e8400-e29b-41d4-a716-446655440029', 'SEER', 'thayhoanglong@gmail.com', 'Nam', 'Thầy Lý Hoàng Long', 'Chuyên gia Cung Hoàng Đạo và Xem Chỉ Tay với 11 năm kinh nghiệm. Tư vấn chi tiết về bản đồ sao và vận mệnh.', '1987-06-05 15:40:00.000', '2025-03-18 10:45:00.000', '2025-10-22 13:50:00.000'),
('550e8400-e29b-41d4-a716-446655440030', 'SEER', 'cokimoanh@gmail.com', 'Nữ', 'Cô Trịnh Kim Oanh', 'Thạc sĩ Nhân Tướng Học với 15 năm kinh nghiệm. Chuyên phân tích tướng mạo và dự đoán vận mệnh. Đã tư vấn cho hơn 3500 khách hàng.', '1982-03-25 10:30:00.000', '2025-02-10 14:20:00.000', '2025-11-01 16:35:00.000'),
('550e8400-e29b-41d4-a716-446655440031', 'SEER', 'thaythanhtung@gmail.com', 'Nam', 'Thầy Phan Thành Tùng', 'Master Tarot với 18 năm kinh nghiệm quốc tế. Chuyên về Tarot tình yêu và sự nghiệp. Từng là cố vấn tâm linh cho nhiều doanh nghiệp lớn.', '1978-12-10 08:15:00.000', '2025-01-15 09:30:00.000', '2025-11-04 15:45:00.000');

-- Total: 70 customers + 11 seers = 81 users

-- ============================================================================
-- SEER SPECIALITIES (Seer-Category relationships)
-- ============================================================================
INSERT INTO seer_speciality (id, seer_id, category_id, created_at, updated_at) VALUES
('770e8400-e29b-41d4-a716-446655440001', '550e8400-e29b-41d4-a716-446655440021', '5e5d3003-cad8-4805-8e04-2170d12e5bcf', '2025-03-10 08:25:00.000', '2025-03-10 08:25:00.000'),
('770e8400-e29b-41d4-a716-446655440002', '550e8400-e29b-41d4-a716-446655440021', '1a1d3003-cad8-4805-8e04-2170d12e5bcf', '2025-03-10 08:25:00.000', '2025-03-10 08:25:00.000'),
('770e8400-e29b-41d4-a716-446655440003', '550e8400-e29b-41d4-a716-446655440021', '2b2d3003-cad8-4805-8e04-2170d12e5bcf', '2025-03-10 08:25:00.000', '2025-03-10 08:25:00.000'),
('770e8400-e29b-41d4-a716-446655440004', '550e8400-e29b-41d4-a716-446655440021', '3c3d3003-cad8-4805-8e04-2170d12e5bcf', '2025-04-18 15:10:00.000', '2025-04-18 15:10:00.000'),
('770e8400-e29b-41d4-a716-446655440005', '550e8400-e29b-41d4-a716-446655440021', '4d4d3003-cad8-4805-8e04-2170d12e5bcf', '2025-05-20 14:25:00.000', '2025-05-20 14:25:00.000'),
('770e8400-e29b-41d4-a716-446655440101', '550e8400-e29b-41d4-a716-446655440022', '5e5d3003-cad8-4805-8e04-2170d12e5bcf', '2025-02-15 09:35:00.000', '2025-02-15 09:35:00.000'),
('770e8400-e29b-41d4-a716-446655440102', '550e8400-e29b-41d4-a716-446655440022', '1a1d3003-cad8-4805-8e04-2170d12e5bcf', '2025-02-15 09:35:00.000', '2025-02-15 09:35:00.000'),
('770e8400-e29b-41d4-a716-446655440201', '550e8400-e29b-41d4-a716-446655440023', '2b2d3003-cad8-4805-8e04-2170d12e5bcf', '2025-01-20 10:20:00.000', '2025-01-20 10:20:00.000'),
('770e8400-e29b-41d4-a716-446655440202', '550e8400-e29b-41d4-a716-446655440023', '4d4d3003-cad8-4805-8e04-2170d12e5bcf', '2025-01-20 10:20:00.000', '2025-01-20 10:20:00.000'),
('770e8400-e29b-41d4-a716-446655440301', '550e8400-e29b-41d4-a716-446655440024', '3c3d3003-cad8-4805-8e04-2170d12e5bcf', '2025-03-25 11:15:00.000', '2025-03-25 11:15:00.000'),
('770e8400-e29b-41d4-a716-446655440401', '550e8400-e29b-41d4-a716-446655440025', '5e5d3003-cad8-4805-8e04-2170d12e5bcf', '2025-04-10 14:30:00.000', '2025-04-10 14:30:00.000'),
('770e8400-e29b-41d4-a716-446655440402', '550e8400-e29b-41d4-a716-446655440025', '4d4d3003-cad8-4805-8e04-2170d12e5bcf', '2025-04-10 14:30:00.000', '2025-04-10 14:30:00.000'),
('770e8400-e29b-41d4-a716-446655440501', '550e8400-e29b-41d4-a716-446655440026', '1a1d3003-cad8-4805-8e04-2170d12e5bcf', '2025-02-28 10:25:00.000', '2025-02-28 10:25:00.000'),
('770e8400-e29b-41d4-a716-446655440502', '550e8400-e29b-41d4-a716-446655440026', '2b2d3003-cad8-4805-8e04-2170d12e5bcf', '2025-02-28 10:25:00.000', '2025-02-28 10:25:00.000'),
('770e8400-e29b-41d4-a716-446655440601', '550e8400-e29b-41d4-a716-446655440027', '5e5d3003-cad8-4805-8e04-2170d12e5bcf', '2025-01-15 09:15:00.000', '2025-01-15 09:15:00.000'),
('770e8400-e29b-41d4-a716-446655440602', '550e8400-e29b-41d4-a716-446655440027', '2b2d3003-cad8-4805-8e04-2170d12e5bcf', '2025-01-15 09:15:00.000', '2025-01-15 09:15:00.000'),
('770e8400-e29b-41d4-a716-446655440603', '550e8400-e29b-41d4-a716-446655440027', '3c3d3003-cad8-4805-8e04-2170d12e5bcf', '2025-01-15 09:15:00.000', '2025-01-15 09:15:00.000'),
('770e8400-e29b-41d4-a716-446655440701', '550e8400-e29b-41d4-a716-446655440028', '5e5d3003-cad8-4805-8e04-2170d12e5bcf', '2025-05-08 11:35:00.000', '2025-05-08 11:35:00.000'),
('770e8400-e29b-41d4-a716-446655440801', '550e8400-e29b-41d4-a716-446655440029', '1a1d3003-cad8-4805-8e04-2170d12e5bcf', '2025-03-18 10:50:00.000', '2025-03-18 10:50:00.000'),
('770e8400-e29b-41d4-a716-446655440802', '550e8400-e29b-41d4-a716-446655440029', '4d4d3003-cad8-4805-8e04-2170d12e5bcf', '2025-03-18 10:50:00.000', '2025-03-18 10:50:00.000'),
('770e8400-e29b-41d4-a716-446655440901', '550e8400-e29b-41d4-a716-446655440030', '2b2d3003-cad8-4805-8e04-2170d12e5bcf', '2025-02-10 14:25:00.000', '2025-02-10 14:25:00.000'),
('770e8400-e29b-41d4-a716-446655440902', '550e8400-e29b-41d4-a716-446655440030', '3c3d3003-cad8-4805-8e04-2170d12e5bcf', '2025-02-10 14:25:00.000', '2025-02-10 14:25:00.000'),
('770e8400-e29b-41d4-a716-446655441001', '550e8400-e29b-41d4-a716-446655440031', '5e5d3003-cad8-4805-8e04-2170d12e5bcf', '2025-01-15 09:35:00.000', '2025-01-15 09:35:00.000'),
('770e8400-e29b-41d4-a716-446655441002', '550e8400-e29b-41d4-a716-446655440031', '1a1d3003-cad8-4805-8e04-2170d12e5bcf', '2025-01-15 09:35:00.000', '2025-01-15 09:35:00.000'),
('770e8400-e29b-41d4-a716-446655441003', '550e8400-e29b-41d4-a716-446655440031', '2b2d3003-cad8-4805-8e04-2170d12e5bcf', '2025-01-15 09:35:00.000', '2025-01-15 09:35:00.000');

-- Total: 25 seer-speciality relationships

-- ============================================================================
-- CUSTOMER POTENTIAL (Monthly performance tracking)
-- ============================================================================
INSERT INTO customer_potential (id, customer_id, month, year, potential_point, potential_tier, ranking, total_booking_requests, total_spending, cancelled_by_customer, created_at, updated_at) VALUES
('cp0e8400-e29b-41d4-a716-446655440033', '550e8400-e29b-41d4-a716-446655440007', 1, 2025, 45, 0, 6, 5, 829840.0, 1, '2025-02-01T16:14:26.820+00:00', '2025-02-01T17:51:40.925+00:00'),
('cp0e8400-e29b-41d4-a716-446655440069', '550e8400-e29b-41d4-a716-446655440013', 1, 2025, 53, 1, 3, 5, 1284830.0, 0, '2025-02-01T07:48:26.120+00:00', '2025-02-01T08:15:06.359+00:00'),
('cp0e8400-e29b-41d4-a716-446655440135', '550e8400-e29b-41d4-a716-446655440023', 1, 2025, 44, 0, 7, 4, 1106536.0, 1, '2025-02-01T06:24:25.714+00:00', '2025-02-01T21:03:23.271+00:00'),
('cp0e8400-e29b-41d4-a716-446655440201', '550e8400-e29b-41d4-a716-446655440031', 1, 2025, 59, 1, 1, 7, 1960658.0, 1, '2025-02-01T14:24:25.724+00:00', '2025-02-01T20:10:19.414+00:00'),
('cp0e8400-e29b-41d4-a716-446655440264', '550e8400-e29b-41d4-a716-446655440039', 1, 2025, 46, 0, 5, 4, 628316.0, 0, '2025-02-01T22:39:53.130+00:00', '2025-02-01T14:23:14.550+00:00'),
('cp0e8400-e29b-41d4-a716-446655440320', '550e8400-e29b-41d4-a716-446655440046', 1, 2025, 44, 0, 7, 4, 1169524.0, 1, '2025-02-01T15:43:31.011+00:00', '2025-02-01T09:57:46.013+00:00'),
('cp0e8400-e29b-41d4-a716-446655440417', '550e8400-e29b-41d4-a716-446655440059', 1, 2025, 50, 1, 4, 6, 982452.0, 1, '2025-02-01T10:14:30.182+00:00', '2025-02-01T17:52:34.580+00:00'),
('cp0e8400-e29b-41d4-a716-446655440480', '550e8400-e29b-41d4-a716-446655440068', 1, 2025, 55, 1, 2, 7, 1370957.0, 1, '2025-02-01T20:55:07.966+00:00', '2025-02-01T20:10:19.383+00:00'),
('cp0e8400-e29b-41d4-a716-446655440001', '550e8400-e29b-41d4-a716-446655440001', 2, 2025, 55, 1, 6, 5, 1450975.0, 0, '2025-03-01T20:17:29.488+00:00', '2025-03-01T13:05:15.897+00:00'),
('cp0e8400-e29b-41d4-a716-446655440034', '550e8400-e29b-41d4-a716-446655440007', 2, 2025, 53, 1, 8, 6, 1606110.0, 1, '2025-03-01T14:20:17.137+00:00', '2025-03-01T18:23:58.167+00:00'),
('cp0e8400-e29b-41d4-a716-446655440070', '550e8400-e29b-41d4-a716-446655440013', 2, 2025, 104, 3, 3, 6, 1659606.0, 1, '2025-03-01T11:16:40.470+00:00', '2025-03-01T22:54:55.403+00:00'),
('cp0e8400-e29b-41d4-a716-446655440084', '550e8400-e29b-41d4-a716-446655440015', 2, 2025, 41, 0, 15, 4, 775276.0, 1, '2025-03-01T07:00:27.617+00:00', '2025-03-01T17:16:35.132+00:00'),
('cp0e8400-e29b-41d4-a716-446655440136', '550e8400-e29b-41d4-a716-446655440023', 2, 2025, 30, 0, 17, 2, 586668.0, 1, '2025-03-01T13:25:05.771+00:00', '2025-03-01T16:14:59.811+00:00'),
('cp0e8400-e29b-41d4-a716-446655440146', '550e8400-e29b-41d4-a716-446655440024', 2, 2025, 54, 1, 7, 5, 1436820.0, 0, '2025-03-01T20:42:22.302+00:00', '2025-03-01T12:34:46.622+00:00'),
('cp0e8400-e29b-41d4-a716-446655440191', '550e8400-e29b-41d4-a716-446655440030', 2, 2025, 49, 0, 10, 4, 933320.0, 0, '2025-03-01T09:02:40.099+00:00', '2025-03-01T13:37:15.734+00:00'),
('cp0e8400-e29b-41d4-a716-446655440202', '550e8400-e29b-41d4-a716-446655440031', 2, 2025, 110, 3, 1, 7, 1490748.0, 0, '2025-03-01T16:50:04.960+00:00', '2025-03-01T07:57:16.035+00:00'),
('cp0e8400-e29b-41d4-a716-446655440239', '550e8400-e29b-41d4-a716-446655440036', 2, 2025, 62, 1, 5, 8, 1395616.0, 0, '2025-03-01T18:38:44.980+00:00', '2025-03-01T17:42:19.189+00:00'),
('cp0e8400-e29b-41d4-a716-446655440265', '550e8400-e29b-41d4-a716-446655440039', 2, 2025, 40, 0, 16, 4, 706824.0, 1, '2025-03-01T06:48:55.057+00:00', '2025-03-01T22:25:08.992+00:00'),
('cp0e8400-e29b-41d4-a716-446655440295', '550e8400-e29b-41d4-a716-446655440043', 2, 2025, 49, 0, 10, 4, 1023292.0, 0, '2025-03-01T15:20:03.117+00:00', '2025-03-01T16:03:31.398+00:00'),
('cp0e8400-e29b-41d4-a716-446655440321', '550e8400-e29b-41d4-a716-446655440046', 2, 2025, 42, 0, 13, 3, 462600.0, 0, '2025-03-01T08:24:48.601+00:00', '2025-03-01T18:45:11.446+00:00'),
('cp0e8400-e29b-41d4-a716-446655440351', '550e8400-e29b-41d4-a716-446655440050', 2, 2025, 52, 1, 9, 5, 1140135.0, 0, '2025-03-01T13:39:15.332+00:00', '2025-03-01T14:47:05.390+00:00'),
('cp0e8400-e29b-41d4-a716-446655440396', '550e8400-e29b-41d4-a716-446655440056', 2, 2025, 42, 0, 13, 4, 895012.0, 1, '2025-03-01T11:07:18.172+00:00', '2025-03-01T16:57:39.532+00:00'),
('cp0e8400-e29b-41d4-a716-446655440418', '550e8400-e29b-41d4-a716-446655440059', 2, 2025, 93, 3, 4, 3, 597084.0, 0, '2025-03-01T07:18:26.703+00:00', '2025-03-01T11:43:43.075+00:00'),
('cp0e8400-e29b-41d4-a716-446655440456', '550e8400-e29b-41d4-a716-446655440064', 2, 2025, 46, 0, 12, 4, 654104.0, 0, '2025-03-01T17:38:44.346+00:00', '2025-03-01T17:52:21.074+00:00'),
('cp0e8400-e29b-41d4-a716-446655440481', '550e8400-e29b-41d4-a716-446655440068', 2, 2025, 109, 3, 2, 7, 1393189.0, 0, '2025-03-01T22:38:19.677+00:00', '2025-03-01T15:41:42.873+00:00'),
('cp0e8400-e29b-41d4-a716-446655440002', '550e8400-e29b-41d4-a716-446655440001', 3, 2025, 100, 3, 7, 5, 780780.0, 0, '2025-04-01T21:03:39.226+00:00', '2025-04-01T17:20:13.062+00:00'),
('cp0e8400-e29b-41d4-a716-446655440035', '550e8400-e29b-41d4-a716-446655440007', 3, 2025, 90, 3, 9, 4, 654448.0, 1, '2025-04-01T13:29:20.055+00:00', '2025-04-01T21:35:59.311+00:00'),
('cp0e8400-e29b-41d4-a716-446655440050', '550e8400-e29b-41d4-a716-446655440010', 3, 2025, 42, 0, 22, 4, 849816.0, 1, '2025-04-01T14:00:44.896+00:00', '2025-04-01T21:25:31.651+00:00'),
('cp0e8400-e29b-41d4-a716-446655440071', '550e8400-e29b-41d4-a716-446655440013', 3, 2025, 144, 3, 1, 8, 1384248.0, 1, '2025-04-01T13:46:53.511+00:00', '2025-04-01T13:12:50.257+00:00'),
('cp0e8400-e29b-41d4-a716-446655440085', '550e8400-e29b-41d4-a716-446655440015', 3, 2025, 58, 1, 11, 7, 1061410.0, 0, '2025-04-01T15:31:38.732+00:00', '2025-04-01T19:03:26.035+00:00'),
('cp0e8400-e29b-41d4-a716-446655440118', '550e8400-e29b-41d4-a716-446655440021', 3, 2025, 48, 0, 18, 5, 1179225.0, 1, '2025-04-01T20:17:46.179+00:00', '2025-04-01T10:26:50.628+00:00'),
('cp0e8400-e29b-41d4-a716-446655440137', '550e8400-e29b-41d4-a716-446655440023', 3, 2025, 41, 0, 23, 2, 482706.0, 0, '2025-04-01T08:11:49.372+00:00', '2025-04-01T13:12:55.220+00:00'),
('cp0e8400-e29b-41d4-a716-446655440147', '550e8400-e29b-41d4-a716-446655440024', 3, 2025, 109, 3, 5, 6, 1784292.0, 0, '2025-04-01T16:46:59.438+00:00', '2025-04-01T19:25:02.931+00:00'),
('cp0e8400-e29b-41d4-a716-446655440174', '550e8400-e29b-41d4-a716-446655440028', 3, 2025, 57, 1, 13, 7, 1717534.0, 1, '2025-04-01T20:25:49.921+00:00', '2025-04-01T10:57:06.744+00:00'),
('cp0e8400-e29b-41d4-a716-446655440192', '550e8400-e29b-41d4-a716-446655440030', 3, 2025, 38, 0, 24, 2, 315372.0, 0, '2025-04-01T11:00:32.180+00:00', '2025-04-01T07:11:12.993+00:00'),
('cp0e8400-e29b-41d4-a716-446655440203', '550e8400-e29b-41d4-a716-446655440031', 3, 2025, 129, 3, 4, 4, 1110492.0, 1, '2025-04-01T17:10:51.300+00:00', '2025-04-01T09:23:21.867+00:00'),
('cp0e8400-e29b-41d4-a716-446655440225', '550e8400-e29b-41d4-a716-446655440034', 3, 2025, 59, 1, 10, 7, 1990702.0, 1, '2025-04-01T12:26:47.940+00:00', '2025-04-01T22:45:22.455+00:00'),
('cp0e8400-e29b-41d4-a716-446655440240', '550e8400-e29b-41d4-a716-446655440036', 3, 2025, 107, 3, 6, 6, 1556970.0, 0, '2025-04-01T06:58:12.510+00:00', '2025-04-01T11:33:39.839+00:00'),
('cp0e8400-e29b-41d4-a716-446655440266', '550e8400-e29b-41d4-a716-446655440039', 3, 2025, 47, 0, 19, 5, 1070180.0, 1, '2025-04-01T12:39:01.290+00:00', '2025-04-01T12:33:43.809+00:00'),
('cp0e8400-e29b-41d4-a716-446655440281', '550e8400-e29b-41d4-a716-446655440041', 3, 2025, 53, 1, 16, 5, 1242320.0, 0, '2025-04-01T08:07:48.593+00:00', '2025-04-01T10:46:14.230+00:00'),
('cp0e8400-e29b-41d4-a716-446655440296', '550e8400-e29b-41d4-a716-446655440043', 3, 2025, 44, 0, 21, 3, 639810.0, 0, '2025-04-01T12:06:08.857+00:00', '2025-04-01T12:00:22.089+00:00'),
('cp0e8400-e29b-41d4-a716-446655440322', '550e8400-e29b-41d4-a716-446655440046', 3, 2025, 54, 1, 14, 5, 1392475.0, 0, '2025-04-01T12:52:15.932+00:00', '2025-04-01T18:49:58.961+00:00'),
('cp0e8400-e29b-41d4-a716-446655440337', '550e8400-e29b-41d4-a716-446655440048', 3, 2025, 54, 1, 14, 6, 1798338.0, 1, '2025-04-01T12:54:10.420+00:00', '2025-04-01T12:18:45.063+00:00'),
('cp0e8400-e29b-41d4-a716-446655440352', '550e8400-e29b-41d4-a716-446655440050', 3, 2025, 91, 3, 8, 4, 750248.0, 1, '2025-04-01T13:27:06.166+00:00', '2025-04-01T21:02:51.883+00:00'),
('cp0e8400-e29b-41d4-a716-446655440382', '550e8400-e29b-41d4-a716-446655440054', 3, 2025, 58, 1, 11, 6, 1619058.0, 0, '2025-04-01T20:27:38.484+00:00', '2025-04-01T13:55:15.041+00:00'),
('cp0e8400-e29b-41d4-a716-446655440397', '550e8400-e29b-41d4-a716-446655440056', 3, 2025, 46, 0, 20, 3, 808296.0, 0, '2025-04-01T06:01:10.746+00:00', '2025-04-01T16:23:52.066+00:00'),
('cp0e8400-e29b-41d4-a716-446655440419', '550e8400-e29b-41d4-a716-446655440059', 3, 2025, 134, 3, 3, 5, 1416950.0, 1, '2025-04-01T18:02:10.170+00:00', '2025-04-01T17:07:27.037+00:00'),
('cp0e8400-e29b-41d4-a716-446655440434', '550e8400-e29b-41d4-a716-446655440061', 3, 2025, 38, 0, 24, 2, 343782.0, 0, '2025-04-01T07:06:37.829+00:00', '2025-04-01T14:53:32.682+00:00'),
('cp0e8400-e29b-41d4-a716-446655440457', '550e8400-e29b-41d4-a716-446655440064', 3, 2025, 52, 1, 17, 5, 1080100.0, 0, '2025-04-01T21:45:01.296+00:00', '2025-04-01T13:53:48.119+00:00'),
('cp0e8400-e29b-41d4-a716-446655440482', '550e8400-e29b-41d4-a716-446655440068', 3, 2025, 138, 3, 2, 6, 1545864.0, 1, '2025-04-01T11:13:14.513+00:00', '2025-04-01T07:33:33.254+00:00'),
('cp0e8400-e29b-41d4-a716-446655440003', '550e8400-e29b-41d4-a716-446655440001', 4, 2025, 138, 3, 4, 6, 1511730.0, 1, '2025-05-01T20:29:57.948+00:00', '2025-05-01T17:29:46.096+00:00'),
('cp0e8400-e29b-41d4-a716-446655440020', '550e8400-e29b-41d4-a716-446655440004', 4, 2025, 51, 1, 23, 5, 975945.0, 0, '2025-05-01T18:02:50.612+00:00', '2025-05-01T21:58:16.731+00:00'),
('cp0e8400-e29b-41d4-a716-446655440036', '550e8400-e29b-41d4-a716-446655440007', 4, 2025, 129, 3, 9, 3, 683376.0, 0, '2025-05-01T14:02:26.865+00:00', '2025-05-01T18:44:53.720+00:00'),
('cp0e8400-e29b-41d4-a716-446655440051', '550e8400-e29b-41d4-a716-446655440010', 4, 2025, 36, 0, 31, 3, 702696.0, 1, '2025-05-01T18:33:54.908+00:00', '2025-05-01T06:00:14.388+00:00'),
('cp0e8400-e29b-41d4-a716-446655440072', '550e8400-e29b-41d4-a716-446655440013', 4, 2025, 133, 3, 8, 4, 848204.0, 0, '2025-05-01T21:10:36.954+00:00', '2025-05-01T08:09:50.590+00:00'),
('cp0e8400-e29b-41d4-a716-446655440086', '550e8400-e29b-41d4-a716-446655440015', 4, 2025, 95, 3, 17, 5, 750720.0, 1, '2025-05-01T15:46:47.209+00:00', '2025-05-01T16:22:18.214+00:00'),
('cp0e8400-e29b-41d4-a716-446655440103', '550e8400-e29b-41d4-a716-446655440019', 4, 2025, 34, 0, 34, 3, 507432.0, 1, '2025-05-01T13:35:05.590+00:00', '2025-05-01T16:28:51.428+00:00'),
('cp0e8400-e29b-41d4-a716-446655440119', '550e8400-e29b-41d4-a716-446655440021', 4, 2025, 49, 0, 26, 5, 1325295.0, 1, '2025-05-01T10:32:13.427+00:00', '2025-05-01T08:52:48.410+00:00'),
('cp0e8400-e29b-41d4-a716-446655440127', '550e8400-e29b-41d4-a716-446655440022', 4, 2025, 55, 1, 19, 6, 1086924.0, 0, '2025-05-01T07:22:36.192+00:00', '2025-05-01T06:47:05.304+00:00'),
('cp0e8400-e29b-41d4-a716-446655440138', '550e8400-e29b-41d4-a716-446655440023', 4, 2025, 56, 1, 18, 6, 1354482.0, 0, '2025-05-01T11:17:55.155+00:00', '2025-05-01T11:28:35.814+00:00'),
('cp0e8400-e29b-41d4-a716-446655440148', '550e8400-e29b-41d4-a716-446655440024', 4, 2025, 148, 3, 1, 9, 2086596.0, 2, '2025-05-01T15:54:38.099+00:00', '2025-05-01T07:31:08.899+00:00'),
('cp0e8400-e29b-41d4-a716-446655440175', '550e8400-e29b-41d4-a716-446655440028', 4, 2025, 100, 3, 11, 5, 878465.0, 0, '2025-05-01T18:39:26.090+00:00', '2025-05-01T15:13:33.558+00:00'),
('cp0e8400-e29b-41d4-a716-446655440183', '550e8400-e29b-41d4-a716-446655440029', 4, 2025, 46, 0, 28, 5, 959030.0, 1, '2025-05-01T11:21:03.449+00:00', '2025-05-01T06:40:33.406+00:00'),
('cp0e8400-e29b-41d4-a716-446655440193', '550e8400-e29b-41d4-a716-446655440030', 4, 2025, 53, 1, 22, 6, 1486392.0, 1, '2025-05-01T22:05:59.766+00:00', '2025-05-01T17:34:44.601+00:00'),
('cp0e8400-e29b-41d4-a716-446655440204', '550e8400-e29b-41d4-a716-446655440031', 4, 2025, 138, 3, 4, 6, 1590336.0, 1, '2025-05-01T12:16:10.594+00:00', '2025-05-01T07:21:30.426+00:00'),
('cp0e8400-e29b-41d4-a716-446655440226', '550e8400-e29b-41d4-a716-446655440034', 4, 2025, 99, 3, 14, 5, 1422605.0, 1, '2025-05-01T13:11:03.118+00:00', '2025-05-01T22:14:39.484+00:00'),
('cp0e8400-e29b-41d4-a716-446655440241', '550e8400-e29b-41d4-a716-446655440036', 4, 2025, 142, 3, 3, 7, 1668205.0, 1, '2025-05-01T07:11:08.340+00:00', '2025-05-01T22:38:56.866+00:00'),
('cp0e8400-e29b-41d4-a716-446655440249', '550e8400-e29b-41d4-a716-446655440037', 4, 2025, 51, 1, 23, 6, 1151466.0, 1, '2025-05-01T20:32:02.753+00:00', '2025-05-01T18:17:24.239+00:00'),
('cp0e8400-e29b-41d4-a716-446655440267', '550e8400-e29b-41d4-a716-446655440039', 4, 2025, 50, 1, 25, 4, 1046520.0, 0, '2025-05-01T13:17:40.525+00:00', '2025-05-01T19:33:56.084+00:00'),
('cp0e8400-e29b-41d4-a716-446655440282', '550e8400-e29b-41d4-a716-446655440041', 4, 2025, 106, 3, 10, 7, 1401337.0, 1, '2025-05-01T13:32:15.578+00:00', '2025-05-01T17:11:52.754+00:00'),
('cp0e8400-e29b-41d4-a716-446655440297', '550e8400-e29b-41d4-a716-446655440043', 4, 2025, 35, 0, 32, 3, 654276.0, 1, '2025-05-01T13:21:27.415+00:00', '2025-05-01T13:42:40.196+00:00'),
('cp0e8400-e29b-41d4-a716-446655440312', '550e8400-e29b-41d4-a716-446655440045', 4, 2025, 54, 1, 21, 5, 1425075.0, 0, '2025-05-01T09:49:45.175+00:00', '2025-05-01T10:37:03.551+00:00'),
('cp0e8400-e29b-41d4-a716-446655440323', '550e8400-e29b-41d4-a716-446655440046', 4, 2025, 96, 3, 16, 5, 977095.0, 1, '2025-05-01T08:31:24.693+00:00', '2025-05-01T14:41:24.838+00:00'),
('cp0e8400-e29b-41d4-a716-446655440338', '550e8400-e29b-41d4-a716-446655440048', 4, 2025, 100, 3, 11, 6, 1010886.0, 1, '2025-05-01T15:36:18.197+00:00', '2025-05-01T15:21:12.805+00:00'),
('cp0e8400-e29b-41d4-a716-446655440353', '550e8400-e29b-41d4-a716-446655440050', 4, 2025, 134, 3, 7, 5, 1423585.0, 1, '2025-05-01T12:01:21.234+00:00', '2025-05-01T21:35:01.937+00:00'),
('cp0e8400-e29b-41d4-a716-446655440368', '550e8400-e29b-41d4-a716-446655440052', 4, 2025, 48, 0, 27, 4, 855316.0, 0, '2025-05-01T16:07:54.905+00:00', '2025-05-01T08:03:34.620+00:00'),
('cp0e8400-e29b-41d4-a716-446655440383', '550e8400-e29b-41d4-a716-446655440054', 4, 2025, 100, 3, 11, 5, 837420.0, 0, '2025-05-01T22:02:53.469+00:00', '2025-05-01T11:45:08.762+00:00'),
('cp0e8400-e29b-41d4-a716-446655440398', '550e8400-e29b-41d4-a716-446655440056', 4, 2025, 55, 1, 19, 7, 1357587.0, 1, '2025-05-01T06:42:00.182+00:00', '2025-05-01T20:19:05.278+00:00'),
('cp0e8400-e29b-41d4-a716-446655440420', '550e8400-e29b-41d4-a716-446655440059', 4, 2025, 145, 3, 2, 7, 1514205.0, 0, '2025-05-01T11:35:54.384+00:00', '2025-05-01T21:53:25.023+00:00'),
('cp0e8400-e29b-41d4-a716-446655440435', '550e8400-e29b-41d4-a716-446655440061', 4, 2025, 44, 0, 29, 3, 612864.0, 0, '2025-05-01T11:02:01.896+00:00', '2025-05-01T18:50:15.762+00:00'),
('cp0e8400-e29b-41d4-a716-446655440448', '550e8400-e29b-41d4-a716-446655440063', 4, 2025, 43, 0, 30, 3, 549609.0, 0, '2025-05-01T21:42:32.056+00:00', '2025-05-01T17:34:35.259+00:00'),
('cp0e8400-e29b-41d4-a716-446655440458', '550e8400-e29b-41d4-a716-446655440064', 4, 2025, 99, 3, 14, 5, 1392490.0, 1, '2025-05-01T06:47:47.070+00:00', '2025-05-01T14:33:25.951+00:00'),
('cp0e8400-e29b-41d4-a716-446655440483', '550e8400-e29b-41d4-a716-446655440068', 4, 2025, 136, 3, 6, 5, 989360.0, 0, '2025-05-01T07:49:41.807+00:00', '2025-05-01T13:29:07.554+00:00'),
('cp0e8400-e29b-41d4-a716-446655440497', '550e8400-e29b-41d4-a716-446655440070', 4, 2025, 35, 0, 32, 3, 594000.0, 1, '2025-05-01T22:20:09.172+00:00', '2025-05-01T21:45:33.600+00:00'),
('cp0e8400-e29b-41d4-a716-446655440004', '550e8400-e29b-41d4-a716-446655440001', 5, 2025, 154, 3, 1, 9, 2150838.0, 0, '2025-06-01T14:34:57.181+00:00', '2025-06-01T08:07:55.111+00:00'),
('cp0e8400-e29b-41d4-a716-446655440021', '550e8400-e29b-41d4-a716-446655440004', 5, 2025, 92, 3, 25, 4, 957168.0, 1, '2025-06-01T15:53:58.482+00:00', '2025-06-01T15:06:44.844+00:00'),
('cp0e8400-e29b-41d4-a716-446655440037', '550e8400-e29b-41d4-a716-446655440007', 5, 2025, 141, 3, 3, 7, 1608663.0, 1, '2025-06-01T12:14:05.931+00:00', '2025-06-01T11:53:01.815+00:00'),
('cp0e8400-e29b-41d4-a716-446655440052', '550e8400-e29b-41d4-a716-446655440010', 5, 2025, 51, 1, 33, 6, 1184388.0, 1, '2025-06-01T07:25:12.746+00:00', '2025-06-01T18:09:15.676+00:00'),
('cp0e8400-e29b-41d4-a716-446655440059', '550e8400-e29b-41d4-a716-446655440011', 5, 2025, 42, 0, 40, 4, 930320.0, 1, '2025-06-01T09:20:29.794+00:00', '2025-06-01T08:01:14.565+00:00'),
('cp0e8400-e29b-41d4-a716-446655440073', '550e8400-e29b-41d4-a716-446655440013', 5, 2025, 137, 3, 8, 5, 1083830.0, 0, '2025-06-01T21:34:35.333+00:00', '2025-06-01T18:05:41.087+00:00'),
('cp0e8400-e29b-41d4-a716-446655440087', '550e8400-e29b-41d4-a716-446655440015', 5, 2025, 137, 3, 8, 5, 1003505.0, 0, '2025-06-01T20:57:39.909+00:00', '2025-06-01T15:18:19.947+00:00'),
('cp0e8400-e29b-41d4-a716-446655440104', '550e8400-e29b-41d4-a716-446655440019', 5, 2025, 38, 0, 42, 3, 858513.0, 1, '2025-06-01T16:33:35.941+00:00', '2025-06-01T13:54:50.680+00:00'),
('cp0e8400-e29b-41d4-a716-446655440111', '550e8400-e29b-41d4-a716-446655440020', 5, 2025, 45, 0, 38, 5, 860275.0, 1, '2025-06-01T09:05:14.992+00:00', '2025-06-01T17:00:46.775+00:00'),
('cp0e8400-e29b-41d4-a716-446655440120', '550e8400-e29b-41d4-a716-446655440021', 5, 2025, 57, 1, 29, 6, 1475874.0, 0, '2025-06-01T21:55:46.718+00:00', '2025-06-01T10:05:10.411+00:00'),
('cp0e8400-e29b-41d4-a716-446655440128', '550e8400-e29b-41d4-a716-446655440022', 5, 2025, 101, 3, 20, 6, 1137480.0, 1, '2025-06-01T07:23:24.262+00:00', '2025-06-01T19:33:05.960+00:00'),
('cp0e8400-e29b-41d4-a716-446655440139', '550e8400-e29b-41d4-a716-446655440023', 5, 2025, 105, 3, 19, 6, 1147506.0, 0, '2025-06-01T15:02:43.508+00:00', '2025-06-01T22:52:54.408+00:00'),
('cp0e8400-e29b-41d4-a716-446655440149', '550e8400-e29b-41d4-a716-446655440024', 5, 2025, 139, 3, 5, 6, 1670538.0, 1, '2025-06-01T07:58:14.933+00:00', '2025-06-01T15:01:51.772+00:00'),
('cp0e8400-e29b-41d4-a716-446655440156', '550e8400-e29b-41d4-a716-446655440025', 5, 2025, 41, 0, 41, 2, 486488.0, 0, '2025-06-01T06:55:40.379+00:00', '2025-06-01T11:23:03.638+00:00'),
('cp0e8400-e29b-41d4-a716-446655440176', '550e8400-e29b-41d4-a716-446655440028', 5, 2025, 138, 3, 7, 5, 1170205.0, 0, '2025-06-01T16:52:37.890+00:00', '2025-06-01T22:41:31.884+00:00'),
('cp0e8400-e29b-41d4-a716-446655440184', '550e8400-e29b-41d4-a716-446655440029', 5, 2025, 49, 0, 35, 4, 1032248.0, 0, '2025-06-01T12:16:09.376+00:00', '2025-06-01T11:43:23.720+00:00'),
('cp0e8400-e29b-41d4-a716-446655440194', '550e8400-e29b-41d4-a716-446655440030', 5, 2025, 101, 3, 20, 5, 999440.0, 0, '2025-06-01T21:04:17.192+00:00', '2025-06-01T20:07:24.922+00:00'),
('cp0e8400-e29b-41d4-a716-446655440205', '550e8400-e29b-41d4-a716-446655440031', 5, 2025, 129, 3, 15, 4, 1134988.0, 1, '2025-06-01T14:31:05.533+00:00', '2025-06-01T12:24:29.542+00:00'),
('cp0e8400-e29b-41d4-a716-446655440212', '550e8400-e29b-41d4-a716-446655440032', 5, 2025, 26, 0, 43, 2, 347926.0, 1, '2025-06-01T07:47:05.024+00:00', '2025-06-01T20:48:07.658+00:00'),
('cp0e8400-e29b-41d4-a716-446655440227', '550e8400-e29b-41d4-a716-446655440034', 5, 2025, 131, 3, 12, 3, 860280.0, 0, '2025-06-01T16:01:26.149+00:00', '2025-06-01T10:56:43.282+00:00'),
('cp0e8400-e29b-41d4-a716-446655440242', '550e8400-e29b-41d4-a716-446655440036', 5, 2025, 134, 3, 11, 5, 1320610.0, 1, '2025-06-01T19:45:52.867+00:00', '2025-06-01T18:15:28.522+00:00'),
('cp0e8400-e29b-41d4-a716-446655440250', '550e8400-e29b-41d4-a716-446655440037', 5, 2025, 101, 3, 20, 5, 925060.0, 0, '2025-06-01T11:25:37.937+00:00', '2025-06-01T09:05:02.081+00:00'),
('cp0e8400-e29b-41d4-a716-446655440257', '550e8400-e29b-41d4-a716-446655440038', 5, 2025, 44, 0, 39, 4, 1123168.0, 1, '2025-06-01T16:07:13.547+00:00', '2025-06-01T18:14:31.844+00:00'),
('cp0e8400-e29b-41d4-a716-446655440268', '550e8400-e29b-41d4-a716-446655440039', 5, 2025, 99, 3, 24, 4, 932680.0, 0, '2025-06-01T18:07:26.925+00:00', '2025-06-01T09:38:55.028+00:00'),
('cp0e8400-e29b-41d4-a716-446655440283', '550e8400-e29b-41d4-a716-446655440041', 5, 2025, 130, 3, 14, 5, 840405.0, 1, '2025-06-01T19:54:06.743+00:00', '2025-06-01T17:06:10.680+00:00'),
('cp0e8400-e29b-41d4-a716-446655440298', '550e8400-e29b-41d4-a716-446655440043', 5, 2025, 53, 1, 30, 5, 1173865.0, 0, '2025-06-01T08:03:51.058+00:00', '2025-06-01T14:15:37.365+00:00'),
('cp0e8400-e29b-41d4-a716-446655440305', '550e8400-e29b-41d4-a716-446655440044', 5, 2025, 46, 0, 37, 4, 696492.0, 0, '2025-06-01T06:08:53.623+00:00', '2025-06-01T09:15:10.418+00:00'),
('cp0e8400-e29b-41d4-a716-446655440313', '550e8400-e29b-41d4-a716-446655440045', 5, 2025, 113, 3, 18, 9, 1558260.0, 1, '2025-06-01T15:52:53.287+00:00', '2025-06-01T17:21:23.505+00:00'),
('cp0e8400-e29b-41d4-a716-446655440324', '550e8400-e29b-41d4-a716-446655440046', 5, 2025, 119, 3, 17, 3, 491088.0, 1, '2025-06-01T11:30:13.789+00:00', '2025-06-01T17:27:29.909+00:00'),
('cp0e8400-e29b-41d4-a716-446655440339', '550e8400-e29b-41d4-a716-446655440048', 5, 2025, 128, 3, 16, 4, 986364.0, 1, '2025-06-01T09:32:52.702+00:00', '2025-06-01T18:26:35.934+00:00'),
('cp0e8400-e29b-41d4-a716-446655440354', '550e8400-e29b-41d4-a716-446655440050', 5, 2025, 135, 3, 10, 4, 1081560.0, 0, '2025-06-01T11:08:08.318+00:00', '2025-06-01T08:04:41.245+00:00'),
('cp0e8400-e29b-41d4-a716-446655440361', '550e8400-e29b-41d4-a716-446655440051', 5, 2025, 48, 0, 36, 5, 1261820.0, 1, '2025-06-01T13:05:57.777+00:00', '2025-06-01T10:42:26.934+00:00'),
('cp0e8400-e29b-41d4-a716-446655440369', '550e8400-e29b-41d4-a716-446655440052', 5, 2025, 58, 1, 27, 7, 1937565.0, 1, '2025-06-01T15:58:19.633+00:00', '2025-06-01T18:22:39.718+00:00'),
('cp0e8400-e29b-41d4-a716-446655440384', '550e8400-e29b-41d4-a716-446655440054', 5, 2025, 139, 3, 5, 6, 1032102.0, 0, '2025-06-01T09:21:56.255+00:00', '2025-06-01T07:39:34.094+00:00'),
('cp0e8400-e29b-41d4-a716-446655440399', '550e8400-e29b-41d4-a716-446655440056', 5, 2025, 100, 3, 23, 4, 1157240.0, 0, '2025-06-01T11:12:42.889+00:00', '2025-06-01T06:57:24.630+00:00'),
('cp0e8400-e29b-41d4-a716-446655440410', '550e8400-e29b-41d4-a716-446655440058', 5, 2025, 51, 1, 33, 5, 917415.0, 0, '2025-06-01T10:07:35.621+00:00', '2025-06-01T14:08:16.143+00:00'),
('cp0e8400-e29b-41d4-a716-446655440421', '550e8400-e29b-41d4-a716-446655440059', 5, 2025, 141, 3, 3, 8, 1234864.0, 2, '2025-06-01T16:57:08.673+00:00', '2025-06-01T15:19:27.916+00:00'),
('cp0e8400-e29b-41d4-a716-446655440436', '550e8400-e29b-41d4-a716-446655440061', 5, 2025, 53, 1, 30, 6, 1599840.0, 1, '2025-06-01T15:01:50.328+00:00', '2025-06-01T18:01:35.831+00:00'),
('cp0e8400-e29b-41d4-a716-446655440449', '550e8400-e29b-41d4-a716-446655440063', 5, 2025, 58, 1, 27, 7, 1237579.0, 0, '2025-06-01T21:15:13.751+00:00', '2025-06-01T16:10:34.598+00:00'),
('cp0e8400-e29b-41d4-a716-446655440459', '550e8400-e29b-41d4-a716-446655440064', 5, 2025, 131, 3, 12, 3, 803508.0, 0, '2025-06-01T21:25:47.550+00:00', '2025-06-01T16:39:29.467+00:00'),
('cp0e8400-e29b-41d4-a716-446655440470', '550e8400-e29b-41d4-a716-446655440066', 5, 2025, 62, 1, 26, 8, 2093968.0, 1, '2025-06-01T15:38:18.854+00:00', '2025-06-01T16:45:13.665+00:00'),
('cp0e8400-e29b-41d4-a716-446655440484', '550e8400-e29b-41d4-a716-446655440068', 5, 2025, 152, 3, 2, 9, 2493657.0, 1, '2025-06-01T17:06:06.620+00:00', '2025-06-01T21:55:30.113+00:00'),
('cp0e8400-e29b-41d4-a716-446655440498', '550e8400-e29b-41d4-a716-446655440070', 5, 2025, 52, 1, 32, 6, 1397214.0, 1, '2025-06-01T19:51:10.198+00:00', '2025-06-01T15:54:54.530+00:00'),
('cp0e8400-e29b-41d4-a716-446655440005', '550e8400-e29b-41d4-a716-446655440001', 6, 2025, 131, 3, 19, 5, 999525.0, 1, '2025-07-01T22:05:43.448+00:00', '2025-07-01T11:19:02.032+00:00'),
('cp0e8400-e29b-41d4-a716-446655440011', '550e8400-e29b-41d4-a716-446655440002', 6, 2025, 56, 1, 39, 7, 1412390.0, 1, '2025-07-01T06:03:03.867+00:00', '2025-07-01T19:33:41.961+00:00'),
('cp0e8400-e29b-41d4-a716-446655440022', '550e8400-e29b-41d4-a716-446655440004', 6, 2025, 134, 3, 16, 5, 1320720.0, 1, '2025-07-01T15:41:49.753+00:00', '2025-07-01T13:53:15.650+00:00'),
('cp0e8400-e29b-41d4-a716-446655440038', '550e8400-e29b-41d4-a716-446655440007', 6, 2025, 134, 3, 16, 5, 1306020.0, 1, '2025-07-01T21:11:07.438+00:00', '2025-07-01T22:47:56.762+00:00'),
('cp0e8400-e29b-41d4-a716-446655440053', '550e8400-e29b-41d4-a716-446655440010', 6, 2025, 90, 3, 33, 4, 626236.0, 1, '2025-07-01T19:59:47.544+00:00', '2025-07-01T06:41:56.390+00:00'),
('cp0e8400-e29b-41d4-a716-446655440060', '550e8400-e29b-41d4-a716-446655440011', 6, 2025, 30, 0, 50, 2, 589866.0, 1, '2025-07-01T07:09:52.439+00:00', '2025-07-01T09:42:11.511+00:00'),
('cp0e8400-e29b-41d4-a716-446655440074', '550e8400-e29b-41d4-a716-446655440013', 6, 2025, 141, 3, 7, 8, 1218568.0, 2, '2025-07-01T19:42:40.967+00:00', '2025-07-01T09:31:38.282+00:00'),
('cp0e8400-e29b-41d4-a716-446655440088', '550e8400-e29b-41d4-a716-446655440015', 6, 2025, 139, 3, 9, 6, 1626972.0, 1, '2025-07-01T21:36:47.448+00:00', '2025-07-01T17:12:18.743+00:00'),
('cp0e8400-e29b-41d4-a716-446655440094', '550e8400-e29b-41d4-a716-446655440016', 6, 2025, 53, 1, 40, 6, 1465116.0, 1, '2025-07-01T13:05:17.534+00:00', '2025-07-01T16:57:02.189+00:00'),
('cp0e8400-e29b-41d4-a716-446655440105', '550e8400-e29b-41d4-a716-446655440019', 6, 2025, 52, 1, 41, 5, 1068800.0, 0, '2025-07-01T06:04:29.151+00:00', '2025-07-01T15:36:28.396+00:00'),
('cp0e8400-e29b-41d4-a716-446655440112', '550e8400-e29b-41d4-a716-446655440020', 6, 2025, 59, 1, 36, 8, 1331888.0, 1, '2025-07-01T17:32:59.726+00:00', '2025-07-01T19:57:46.822+00:00'),
('cp0e8400-e29b-41d4-a716-446655440121', '550e8400-e29b-41d4-a716-446655440021', 6, 2025, 115, 3, 26, 8, 1903112.0, 0, '2025-07-01T17:52:16.798+00:00', '2025-07-01T09:01:58.356+00:00'),
('cp0e8400-e29b-41d4-a716-446655440129', '550e8400-e29b-41d4-a716-446655440022', 6, 2025, 124, 3, 25, 2, 396962.0, 0, '2025-07-01T17:34:16.755+00:00', '2025-07-01T14:32:44.334+00:00'),
('cp0e8400-e29b-41d4-a716-446655440140', '550e8400-e29b-41d4-a716-446655440023', 6, 2025, 129, 3, 21, 4, 1146556.0, 1, '2025-07-01T11:03:05.613+00:00', '2025-07-01T20:31:28.560+00:00'),
('cp0e8400-e29b-41d4-a716-446655440150', '550e8400-e29b-41d4-a716-446655440024', 6, 2025, 147, 3, 2, 7, 1822058.0, 0, '2025-07-01T12:20:06.714+00:00', '2025-07-01T20:27:47.039+00:00'),
('cp0e8400-e29b-41d4-a716-446655440157', '550e8400-e29b-41d4-a716-446655440025', 6, 2025, 28, 0, 52, 2, 458040.0, 1, '2025-07-01T18:35:18.491+00:00', '2025-07-01T16:50:18.715+00:00'),
('cp0e8400-e29b-41d4-a716-446655440163', '550e8400-e29b-41d4-a716-446655440026', 6, 2025, 46, 0, 45, 5, 909950.0, 1, '2025-07-01T21:50:06.923+00:00', '2025-07-01T08:41:35.663+00:00'),
('cp0e8400-e29b-41d4-a716-446655440177', '550e8400-e29b-41d4-a716-446655440028', 6, 2025, 133, 3, 18, 4, 806232.0, 0, '2025-07-01T19:09:42.942+00:00', '2025-07-01T11:14:18.719+00:00'),
('cp0e8400-e29b-41d4-a716-446655440185', '550e8400-e29b-41d4-a716-446655440029', 6, 2025, 42, 0, 47, 2, 567510.0, 0, '2025-07-01T20:34:08.946+00:00', '2025-07-01T17:25:08.461+00:00'),
('cp0e8400-e29b-41d4-a716-446655440195', '550e8400-e29b-41d4-a716-446655440030', 6, 2025, 129, 3, 21, 4, 1148844.0, 1, '2025-07-01T16:15:21.804+00:00', '2025-07-01T21:48:24.757+00:00'),
('cp0e8400-e29b-41d4-a716-446655440206', '550e8400-e29b-41d4-a716-446655440031', 6, 2025, 136, 3, 13, 5, 981565.0, 0, '2025-07-01T10:57:04.283+00:00', '2025-07-01T16:54:10.816+00:00'),
('cp0e8400-e29b-41d4-a716-446655440213', '550e8400-e29b-41d4-a716-446655440032', 6, 2025, 39, 0, 49, 2, 368932.0, 0, '2025-07-01T09:49:58.510+00:00', '2025-07-01T09:01:55.344+00:00'),
('cp0e8400-e29b-41d4-a716-446655440219', '550e8400-e29b-41d4-a716-446655440033', 6, 2025, 59, 1, 36, 7, 1288777.0, 0, '2025-07-01T11:04:51.709+00:00', '2025-07-01T16:52:07.978+00:00'),
('cp0e8400-e29b-41d4-a716-446655440228', '550e8400-e29b-41d4-a716-446655440034', 6, 2025, 135, 3, 15, 5, 782375.0, 0, '2025-07-01T10:45:41.355+00:00', '2025-07-01T07:14:21.735+00:00'),
('cp0e8400-e29b-41d4-a716-446655440243', '550e8400-e29b-41d4-a716-446655440036', 6, 2025, 139, 3, 9, 5, 1427665.0, 0, '2025-07-01T14:50:26.037+00:00', '2025-07-01T09:25:49.187+00:00'),
('cp0e8400-e29b-41d4-a716-446655440251', '550e8400-e29b-41d4-a716-446655440037', 6, 2025, 142, 3, 6, 6, 1421820.0, 0, '2025-07-01T20:44:55.412+00:00', '2025-07-01T10:59:28.199+00:00'),
('cp0e8400-e29b-41d4-a716-446655440258', '550e8400-e29b-41d4-a716-446655440038', 6, 2025, 57, 1, 38, 6, 1503252.0, 0, '2025-07-01T06:11:48.412+00:00', '2025-07-01T18:16:24.377+00:00'),
('cp0e8400-e29b-41d4-a716-446655440269', '550e8400-e29b-41d4-a716-446655440039', 6, 2025, 126, 3, 23, 4, 829516.0, 1, '2025-07-01T13:48:52.184+00:00', '2025-07-01T22:42:51.678+00:00'),
('cp0e8400-e29b-41d4-a716-446655440275', '550e8400-e29b-41d4-a716-446655440040', 6, 2025, 50, 1, 43, 4, 1118280.0, 0, '2025-07-01T22:28:46.322+00:00', '2025-07-01T08:39:22.283+00:00'),
('cp0e8400-e29b-41d4-a716-446655440284', '550e8400-e29b-41d4-a716-446655440041', 6, 2025, 140, 3, 8, 6, 1138722.0, 0, '2025-07-01T19:33:33.433+00:00', '2025-07-01T10:52:59.555+00:00'),
('cp0e8400-e29b-41d4-a716-446655440299', '550e8400-e29b-41d4-a716-446655440043', 6, 2025, 93, 3, 32, 4, 1003980.0, 1, '2025-07-01T17:44:38.591+00:00', '2025-07-01T21:51:13.255+00:00'),
('cp0e8400-e29b-41d4-a716-446655440306', '550e8400-e29b-41d4-a716-446655440044', 6, 2025, 30, 0, 50, 2, 595834.0, 1, '2025-07-01T22:18:13.534+00:00', '2025-07-01T14:57:43.886+00:00'),
('cp0e8400-e29b-41d4-a716-446655440314', '550e8400-e29b-41d4-a716-446655440045', 6, 2025, 150, 3, 1, 9, 1815210.0, 1, '2025-07-01T07:08:04.647+00:00', '2025-07-01T08:47:45.182+00:00'),
('cp0e8400-e29b-41d4-a716-446655440325', '550e8400-e29b-41d4-a716-446655440046', 6, 2025, 130, 3, 20, 5, 848575.0, 1, '2025-07-01T19:49:08.264+00:00', '2025-07-01T17:26:54.596+00:00'),
('cp0e8400-e29b-41d4-a716-446655440331', '550e8400-e29b-41d4-a716-446655440047', 6, 2025, 48, 0, 44, 4, 827184.0, 0, '2025-07-01T16:31:49.980+00:00', '2025-07-01T22:07:25.562+00:00'),
('cp0e8400-e29b-41d4-a716-446655440340', '550e8400-e29b-41d4-a716-446655440048', 6, 2025, 146, 3, 3, 7, 1797061.0, 0, '2025-07-01T12:10:35.485+00:00', '2025-07-01T16:42:14.214+00:00'),
('cp0e8400-e29b-41d4-a716-446655440355', '550e8400-e29b-41d4-a716-446655440050', 6, 2025, 139, 3, 9, 5, 1349225.0, 0, '2025-07-01T07:32:02.975+00:00', '2025-07-01T21:13:16.286+00:00'),
('cp0e8400-e29b-41d4-a716-446655440362', '550e8400-e29b-41d4-a716-446655440051', 6, 2025, 61, 1, 35, 7, 1642158.0, 0, '2025-07-01T12:01:41.271+00:00', '2025-07-01T21:28:57.465+00:00'),
('cp0e8400-e29b-41d4-a716-446655440370', '550e8400-e29b-41d4-a716-446655440052', 6, 2025, 104, 3, 27, 6, 975756.0, 0, '2025-07-01T22:01:08.578+00:00', '2025-07-01T18:55:38.904+00:00'),
('cp0e8400-e29b-41d4-a716-446655440376', '550e8400-e29b-41d4-a716-446655440053', 6, 2025, 44, 0, 46, 3, 668427.0, 0, '2025-07-01T06:06:27.044+00:00', '2025-07-01T16:18:25.629+00:00'),
('cp0e8400-e29b-41d4-a716-446655440385', '550e8400-e29b-41d4-a716-446655440054', 6, 2025, 143, 3, 5, 7, 1123248.0, 0, '2025-07-01T15:00:16.793+00:00', '2025-07-01T21:40:24.259+00:00'),
('cp0e8400-e29b-41d4-a716-446655440400', '550e8400-e29b-41d4-a716-446655440056', 6, 2025, 126, 3, 23, 4, 790604.0, 1, '2025-07-01T11:59:42.531+00:00', '2025-07-01T20:01:13.129+00:00'),
('cp0e8400-e29b-41d4-a716-446655440411', '550e8400-e29b-41d4-a716-446655440058', 6, 2025, 99, 3, 30, 5, 1301995.0, 1, '2025-07-01T17:53:39.464+00:00', '2025-07-01T13:34:19.872+00:00'),
('cp0e8400-e29b-41d4-a716-446655440422', '550e8400-e29b-41d4-a716-446655440059', 6, 2025, 139, 3, 9, 6, 1677558.0, 1, '2025-07-01T06:56:16.081+00:00', '2025-07-01T10:37:15.010+00:00'),
('cp0e8400-e29b-41d4-a716-446655440428', '550e8400-e29b-41d4-a716-446655440060', 6, 2025, 42, 0, 47, 4, 920708.0, 1, '2025-07-01T07:09:49.832+00:00', '2025-07-01T22:43:34.805+00:00'),
('cp0e8400-e29b-41d4-a716-446655440437', '550e8400-e29b-41d4-a716-446655440061', 6, 2025, 90, 3, 33, 4, 613676.0, 1, '2025-07-01T10:47:24.279+00:00', '2025-07-01T09:23:25.556+00:00'),
('cp0e8400-e29b-41d4-a716-446655440450', '550e8400-e29b-41d4-a716-446655440063', 6, 2025, 101, 3, 29, 6, 1162380.0, 1, '2025-07-01T11:31:06.824+00:00', '2025-07-01T07:34:19.779+00:00'),
('cp0e8400-e29b-41d4-a716-446655440460', '550e8400-e29b-41d4-a716-446655440064', 6, 2025, 136, 3, 13, 5, 975225.0, 0, '2025-07-01T21:56:09.977+00:00', '2025-07-01T08:59:30.608+00:00'),
('cp0e8400-e29b-41d4-a716-446655440471', '550e8400-e29b-41d4-a716-446655440066', 6, 2025, 98, 3, 31, 5, 1257315.0, 1, '2025-07-01T16:36:17.252+00:00', '2025-07-01T08:46:57.202+00:00'),
('cp0e8400-e29b-41d4-a716-446655440485', '550e8400-e29b-41d4-a716-446655440068', 6, 2025, 144, 3, 4, 8, 1261072.0, 1, '2025-07-01T06:52:14.697+00:00', '2025-07-01T06:11:34.839+00:00'),
('cp0e8400-e29b-41d4-a716-446655440491', '550e8400-e29b-41d4-a716-446655440069', 6, 2025, 51, 1, 42, 6, 1169472.0, 1, '2025-07-01T09:10:38.872+00:00', '2025-07-01T13:53:37.926+00:00'),
('cp0e8400-e29b-41d4-a716-446655440499', '550e8400-e29b-41d4-a716-446655440070', 6, 2025, 103, 3, 28, 5, 1218480.0, 0, '2025-07-01T16:28:24.535+00:00', '2025-07-01T14:24:18.132+00:00'),
('cp0e8400-e29b-41d4-a716-446655440006', '550e8400-e29b-41d4-a716-446655440001', 7, 2025, 154, 3, 1, 9, 2284614.0, 0, '2025-08-01T21:25:26.079+00:00', '2025-08-01T17:56:58.687+00:00'),
('cp0e8400-e29b-41d4-a716-446655440012', '550e8400-e29b-41d4-a716-446655440002', 7, 2025, 98, 3, 42, 4, 918300.0, 0, '2025-08-01T11:41:14.502+00:00', '2025-08-01T11:12:03.022+00:00'),
('cp0e8400-e29b-41d4-a716-446655440023', '550e8400-e29b-41d4-a716-446655440004', 7, 2025, 130, 3, 28, 5, 833190.0, 1, '2025-08-01T13:45:29.839+00:00', '2025-08-01T13:53:32.325+00:00'),
('cp0e8400-e29b-41d4-a716-446655440039', '550e8400-e29b-41d4-a716-446655440007', 7, 2025, 129, 3, 29, 4, 1180520.0, 1, '2025-08-01T22:43:27.230+00:00', '2025-08-01T09:01:11.872+00:00'),
('cp0e8400-e29b-41d4-a716-446655440044', '550e8400-e29b-41d4-a716-446655440008', 7, 2025, 56, 1, 46, 6, 1211052.0, 0, '2025-08-01T06:56:57.654+00:00', '2025-08-01T17:12:08.503+00:00'),
('cp0e8400-e29b-41d4-a716-446655440054', '550e8400-e29b-41d4-a716-446655440010', 7, 2025, 143, 3, 7, 7, 1933953.0, 1, '2025-08-01T13:18:37.548+00:00', '2025-08-01T13:42:47.823+00:00'),
('cp0e8400-e29b-41d4-a716-446655440061', '550e8400-e29b-41d4-a716-446655440011', 7, 2025, 44, 0, 57, 3, 678966.0, 0, '2025-08-01T17:09:34.494+00:00', '2025-08-01T18:50:14.013+00:00'),
('cp0e8400-e29b-41d4-a716-446655440075', '550e8400-e29b-41d4-a716-446655440013', 7, 2025, 143, 3, 7, 8, 1912080.0, 2, '2025-08-01T19:07:51.308+00:00', '2025-08-01T21:09:33.240+00:00'),
('cp0e8400-e29b-41d4-a716-446655440089', '550e8400-e29b-41d4-a716-446655440015', 7, 2025, 133, 3, 23, 5, 1236790.0, 1, '2025-08-01T06:13:53.079+00:00', '2025-08-01T08:18:31.340+00:00'),
('cp0e8400-e29b-41d4-a716-446655440095', '550e8400-e29b-41d4-a716-446655440016', 7, 2025, 106, 3, 39, 8, 1221824.0, 2, '2025-08-01T06:02:53.628+00:00', '2025-08-01T08:17:19.213+00:00'),
('cp0e8400-e29b-41d4-a716-446655440106', '550e8400-e29b-41d4-a716-446655440019', 7, 2025, 115, 3, 34, 8, 1997112.0, 0, '2025-08-01T10:37:43.717+00:00', '2025-08-01T20:27:19.010+00:00'),
('cp0e8400-e29b-41d4-a716-446655440113', '550e8400-e29b-41d4-a716-446655440020', 7, 2025, 97, 3, 43, 5, 1108765.0, 1, '2025-08-01T09:46:24.229+00:00', '2025-08-01T16:07:36.472+00:00'),
('cp0e8400-e29b-41d4-a716-446655440122', '550e8400-e29b-41d4-a716-446655440021', 7, 2025, 141, 3, 11, 7, 1547119.0, 1, '2025-08-01T13:27:13.309+00:00', '2025-08-01T08:41:40.754+00:00'),
('cp0e8400-e29b-41d4-a716-446655440130', '550e8400-e29b-41d4-a716-446655440022', 7, 2025, 126, 3, 31, 4, 749188.0, 1, '2025-08-01T18:19:59.140+00:00', '2025-08-01T13:10:21.528+00:00'),
('cp0e8400-e29b-41d4-a716-446655440141', '550e8400-e29b-41d4-a716-446655440023', 7, 2025, 144, 3, 5, 7, 1961491.0, 1, '2025-08-01T10:52:02.018+00:00', '2025-08-01T20:18:04.124+00:00'),
('cp0e8400-e29b-41d4-a716-446655440151', '550e8400-e29b-41d4-a716-446655440024', 7, 2025, 142, 3, 10, 8, 1673272.0, 2, '2025-08-01T13:45:48.087+00:00', '2025-08-01T17:21:44.396+00:00'),
('cp0e8400-e29b-41d4-a716-446655440158', '550e8400-e29b-41d4-a716-446655440025', 7, 2025, 28, 0, 59, 2, 468968.0, 1, '2025-08-01T21:58:23.000+00:00', '2025-08-01T19:54:23.514+00:00'),
('cp0e8400-e29b-41d4-a716-446655440164', '550e8400-e29b-41d4-a716-446655440026', 7, 2025, 51, 1, 49, 6, 1186722.0, 1, '2025-08-01T22:26:08.129+00:00', '2025-08-01T11:15:03.266+00:00'),
('cp0e8400-e29b-41d4-a716-446655440169', '550e8400-e29b-41d4-a716-446655440027', 7, 2025, 49, 0, 53, 5, 1439330.0, 1, '2025-08-01T16:09:14.573+00:00', '2025-08-01T13:56:16.099+00:00'),
('cp0e8400-e29b-41d4-a716-446655440178', '550e8400-e29b-41d4-a716-446655440028', 7, 2025, 134, 3, 18, 5, 1448325.0, 1, '2025-08-01T06:39:01.180+00:00', '2025-08-01T18:16:05.540+00:00'),
('cp0e8400-e29b-41d4-a716-446655440186', '550e8400-e29b-41d4-a716-446655440029', 7, 2025, 58, 1, 44, 6, 1721190.0, 0, '2025-08-01T09:54:26.386+00:00', '2025-08-01T14:16:01.027+00:00'),
('cp0e8400-e29b-41d4-a716-446655440196', '550e8400-e29b-41d4-a716-446655440030', 7, 2025, 146, 3, 4, 7, 1653918.0, 0, '2025-08-01T10:32:29.385+00:00', '2025-08-01T19:26:21.219+00:00'),
('cp0e8400-e29b-41d4-a716-446655440207', '550e8400-e29b-41d4-a716-446655440031', 7, 2025, 138, 3, 16, 6, 1536234.0, 1, '2025-08-01T16:21:59.593+00:00', '2025-08-01T22:52:46.714+00:00'),
('cp0e8400-e29b-41d4-a716-446655440214', '550e8400-e29b-41d4-a716-446655440032', 7, 2025, 49, 0, 53, 5, 1331325.0, 1, '2025-08-01T17:15:37.007+00:00', '2025-08-01T14:59:35.277+00:00'),
('cp0e8400-e29b-41d4-a716-446655440220', '550e8400-e29b-41d4-a716-446655440033', 7, 2025, 108, 3, 37, 6, 1622244.0, 0, '2025-08-01T14:10:48.651+00:00', '2025-08-01T13:23:25.749+00:00'),
('cp0e8400-e29b-41d4-a716-446655440229', '550e8400-e29b-41d4-a716-446655440034', 7, 2025, 134, 3, 18, 5, 1368440.0, 1, '2025-08-01T18:31:41.177+00:00', '2025-08-01T20:01:22.444+00:00'),
('cp0e8400-e29b-41d4-a716-446655440234', '550e8400-e29b-41d4-a716-446655440035', 7, 2025, 58, 1, 44, 6, 1602768.0, 0, '2025-08-01T12:10:53.922+00:00', '2025-08-01T07:27:35.722+00:00'),
('cp0e8400-e29b-41d4-a716-446655440244', '550e8400-e29b-41d4-a716-446655440036', 7, 2025, 141, 3, 11, 6, 1222674.0, 0, '2025-08-01T10:23:51.521+00:00', '2025-08-01T10:48:03.917+00:00'),
('cp0e8400-e29b-41d4-a716-446655440252', '550e8400-e29b-41d4-a716-446655440037', 7, 2025, 133, 3, 23, 5, 1176030.0, 1, '2025-08-01T21:29:43.534+00:00', '2025-08-01T17:50:41.365+00:00'),
('cp0e8400-e29b-41d4-a716-446655440259', '550e8400-e29b-41d4-a716-446655440038', 7, 2025, 104, 3, 40, 7, 1136492.0, 1, '2025-08-01T18:16:17.355+00:00', '2025-08-01T16:28:56.531+00:00'),
('cp0e8400-e29b-41d4-a716-446655440270', '550e8400-e29b-41d4-a716-446655440039', 7, 2025, 127, 3, 30, 4, 884708.0, 1, '2025-08-01T12:48:39.741+00:00', '2025-08-01T11:09:56.457+00:00'),
('cp0e8400-e29b-41d4-a716-446655440276', '550e8400-e29b-41d4-a716-446655440040', 7, 2025, 100, 3, 41, 4, 1073412.0, 0, '2025-08-01T14:09:09.352+00:00', '2025-08-01T13:49:21.818+00:00'),
('cp0e8400-e29b-41d4-a716-446655440285', '550e8400-e29b-41d4-a716-446655440041', 7, 2025, 134, 3, 18, 5, 1437000.0, 1, '2025-08-01T18:15:25.050+00:00', '2025-08-01T08:07:38.595+00:00'),
('cp0e8400-e29b-41d4-a716-446655440290', '550e8400-e29b-41d4-a716-446655440042', 7, 2025, 50, 1, 51, 4, 1059892.0, 0, '2025-08-01T15:37:14.742+00:00', '2025-08-01T21:27:41.929+00:00'),
('cp0e8400-e29b-41d4-a716-446655440300', '550e8400-e29b-41d4-a716-446655440043', 7, 2025, 133, 3, 23, 4, 888104.0, 0, '2025-08-01T17:01:35.482+00:00', '2025-08-01T20:06:56.613+00:00'),
('cp0e8400-e29b-41d4-a716-446655440307', '550e8400-e29b-41d4-a716-446655440044', 7, 2025, 51, 1, 49, 5, 973925.0, 0, '2025-08-01T17:12:53.354+00:00', '2025-08-01T16:28:12.140+00:00'),
('cp0e8400-e29b-41d4-a716-446655440315', '550e8400-e29b-41d4-a716-446655440045', 7, 2025, 139, 3, 14, 6, 990150.0, 0, '2025-08-01T15:55:37.476+00:00', '2025-08-01T13:42:48.920+00:00'),
('cp0e8400-e29b-41d4-a716-446655440326', '550e8400-e29b-41d4-a716-446655440046', 7, 2025, 131, 3, 27, 4, 682740.0, 0, '2025-08-01T12:51:35.218+00:00', '2025-08-01T11:56:00.282+00:00'),
('cp0e8400-e29b-41d4-a716-446655440332', '550e8400-e29b-41d4-a716-446655440047', 7, 2025, 46, 0, 55, 3, 799176.0, 0, '2025-08-01T18:48:09.210+00:00', '2025-08-01T15:38:59.994+00:00'),
('cp0e8400-e29b-41d4-a716-446655440341', '550e8400-e29b-41d4-a716-446655440048', 7, 2025, 143, 3, 7, 7, 1239728.0, 0, '2025-08-01T10:13:39.975+00:00', '2025-08-01T14:12:19.891+00:00'),
('cp0e8400-e29b-41d4-a716-446655440346', '550e8400-e29b-41d4-a716-446655440049', 7, 2025, 42, 0, 58, 4, 862424.0, 1, '2025-08-01T13:44:33.336+00:00', '2025-08-01T16:31:04.198+00:00'),
('cp0e8400-e29b-41d4-a716-446655440356', '550e8400-e29b-41d4-a716-446655440050', 7, 2025, 125, 3, 32, 4, 681864.0, 1, '2025-08-01T16:45:34.131+00:00', '2025-08-01T06:57:54.967+00:00'),
('cp0e8400-e29b-41d4-a716-446655440363', '550e8400-e29b-41d4-a716-446655440051', 7, 2025, 107, 3, 38, 6, 1482144.0, 0, '2025-08-01T13:57:27.592+00:00', '2025-08-01T19:27:40.761+00:00'),
('cp0e8400-e29b-41d4-a716-446655440371', '550e8400-e29b-41d4-a716-446655440052', 7, 2025, 151, 3, 2, 9, 1364184.0, 0, '2025-08-01T12:36:45.553+00:00', '2025-08-01T11:29:08.455+00:00'),
('cp0e8400-e29b-41d4-a716-446655440377', '550e8400-e29b-41d4-a716-446655440053', 7, 2025, 46, 0, 55, 4, 619968.0, 0, '2025-08-01T21:12:03.761+00:00', '2025-08-01T10:43:40.401+00:00'),
('cp0e8400-e29b-41d4-a716-446655440386', '550e8400-e29b-41d4-a716-446655440054', 7, 2025, 141, 3, 11, 6, 1274100.0, 0, '2025-08-01T19:10:38.724+00:00', '2025-08-01T15:54:46.432+00:00'),
('cp0e8400-e29b-41d4-a716-446655440391', '550e8400-e29b-41d4-a716-446655440055', 7, 2025, 56, 1, 46, 7, 1487122.0, 1, '2025-08-01T12:59:11.094+00:00', '2025-08-01T20:57:13.066+00:00'),
('cp0e8400-e29b-41d4-a716-446655440401', '550e8400-e29b-41d4-a716-446655440056', 7, 2025, 134, 3, 18, 5, 1449665.0, 1, '2025-08-01T16:38:21.686+00:00', '2025-08-01T18:52:58.490+00:00'),
('cp0e8400-e29b-41d4-a716-446655440412', '550e8400-e29b-41d4-a716-446655440058', 7, 2025, 125, 3, 32, 2, 406268.0, 0, '2025-08-01T14:50:08.446+00:00', '2025-08-01T09:54:33.579+00:00'),
('cp0e8400-e29b-41d4-a716-446655440423', '550e8400-e29b-41d4-a716-446655440059', 7, 2025, 134, 3, 18, 4, 962984.0, 0, '2025-08-01T14:45:36.748+00:00', '2025-08-01T15:18:49.372+00:00'),
('cp0e8400-e29b-41d4-a716-446655440429', '550e8400-e29b-41d4-a716-446655440060', 7, 2025, 50, 1, 51, 5, 832755.0, 0, '2025-08-01T18:19:09.772+00:00', '2025-08-01T12:44:54.341+00:00'),
('cp0e8400-e29b-41d4-a716-446655440438', '550e8400-e29b-41d4-a716-446655440061', 7, 2025, 139, 3, 14, 6, 1036974.0, 0, '2025-08-01T08:19:40.343+00:00', '2025-08-01T15:14:29.312+00:00'),
('cp0e8400-e29b-41d4-a716-446655440443', '550e8400-e29b-41d4-a716-446655440062', 7, 2025, 56, 1, 46, 7, 1504251.0, 1, '2025-08-01T07:21:00.079+00:00', '2025-08-01T20:45:19.648+00:00'),
('cp0e8400-e29b-41d4-a716-446655440451', '550e8400-e29b-41d4-a716-446655440063', 7, 2025, 144, 3, 5, 7, 2095996.0, 1, '2025-08-01T13:20:12.662+00:00', '2025-08-01T11:11:44.006+00:00'),
('cp0e8400-e29b-41d4-a716-446655440461', '550e8400-e29b-41d4-a716-446655440064', 7, 2025, 137, 3, 17, 5, 1072780.0, 0, '2025-08-01T10:00:27.533+00:00', '2025-08-01T17:41:57.036+00:00'),
('cp0e8400-e29b-41d4-a716-446655440472', '550e8400-e29b-41d4-a716-446655440066', 7, 2025, 150, 3, 3, 8, 2002352.0, 0, '2025-08-01T12:22:49.322+00:00', '2025-08-01T10:12:57.917+00:00'),
('cp0e8400-e29b-41d4-a716-446655440486', '550e8400-e29b-41d4-a716-446655440068', 7, 2025, 132, 3, 26, 5, 1032905.0, 1, '2025-08-01T16:07:59.822+00:00', '2025-08-01T17:38:55.435+00:00'),
('cp0e8400-e29b-41d4-a716-446655440492', '550e8400-e29b-41d4-a716-446655440069', 7, 2025, 111, 3, 35, 7, 1660547.0, 0, '2025-08-01T13:39:07.413+00:00', '2025-08-01T06:07:32.393+00:00'),
('cp0e8400-e29b-41d4-a716-446655440500', '550e8400-e29b-41d4-a716-446655440070', 7, 2025, 111, 3, 35, 2, 373260.0, 1, '2025-08-01T07:26:59.949+00:00', '2025-08-01T10:38:31.834+00:00'),
('cp0e8400-e29b-41d4-a716-446655440007', '550e8400-e29b-41d4-a716-446655440001', 8, 2025, 143, 3, 10, 6, 1734948.0, 0, '2025-09-01T17:46:43.889+00:00', '2025-09-01T21:08:55.650+00:00'),
('cp0e8400-e29b-41d4-a716-446655440013', '550e8400-e29b-41d4-a716-446655440002', 8, 2025, 139, 3, 18, 5, 1399850.0, 0, '2025-09-01T10:50:19.827+00:00', '2025-09-01T15:38:16.569+00:00'),
('cp0e8400-e29b-41d4-a716-446655440024', '550e8400-e29b-41d4-a716-446655440004', 8, 2025, 135, 3, 23, 4, 1093464.0, 0, '2025-09-01T10:44:39.696+00:00', '2025-09-01T14:08:15.256+00:00'),
('cp0e8400-e29b-41d4-a716-446655440028', '550e8400-e29b-41d4-a716-446655440005', 8, 2025, 46, 0, 58, 3, 794541.0, 0, '2025-09-01T15:45:13.264+00:00', '2025-09-01T06:40:54.671+00:00'),
('cp0e8400-e29b-41d4-a716-446655440040', '550e8400-e29b-41d4-a716-446655440007', 8, 2025, 122, 3, 42, 3, 791493.0, 1, '2025-09-01T13:18:53.069+00:00', '2025-09-01T12:59:32.571+00:00'),
('cp0e8400-e29b-41d4-a716-446655440045', '550e8400-e29b-41d4-a716-446655440008', 8, 2025, 97, 3, 49, 5, 1104120.0, 1, '2025-09-01T16:20:03.338+00:00', '2025-09-01T12:12:05.413+00:00'),
('cp0e8400-e29b-41d4-a716-446655440055', '550e8400-e29b-41d4-a716-446655440010', 8, 2025, 136, 3, 21, 5, 991655.0, 0, '2025-09-01T12:51:56.970+00:00', '2025-09-01T21:22:46.402+00:00'),
('cp0e8400-e29b-41d4-a716-446655440062', '550e8400-e29b-41d4-a716-446655440011', 8, 2025, 49, 0, 56, 5, 1332275.0, 1, '2025-09-01T11:17:58.214+00:00', '2025-09-01T07:30:26.366+00:00'),
('cp0e8400-e29b-41d4-a716-446655440076', '550e8400-e29b-41d4-a716-446655440013', 8, 2025, 150, 3, 4, 9, 2647863.0, 2, '2025-09-01T10:53:13.688+00:00', '2025-09-01T08:15:01.396+00:00'),
('cp0e8400-e29b-41d4-a716-446655440080', '550e8400-e29b-41d4-a716-446655440014', 8, 2025, 48, 0, 57, 4, 834488.0, 0, '2025-09-01T17:26:39.002+00:00', '2025-09-01T06:22:23.040+00:00'),
('cp0e8400-e29b-41d4-a716-446655440090', '550e8400-e29b-41d4-a716-446655440015', 8, 2025, 147, 3, 5, 9, 1961127.0, 2, '2025-09-01T06:31:37.489+00:00', '2025-09-01T13:29:12.054+00:00'),
('cp0e8400-e29b-41d4-a716-446655440096', '550e8400-e29b-41d4-a716-446655440016', 8, 2025, 126, 3, 39, 4, 779796.0, 1, '2025-09-01T11:03:21.230+00:00', '2025-09-01T06:06:07.287+00:00'),
('cp0e8400-e29b-41d4-a716-446655440107', '550e8400-e29b-41d4-a716-446655440019', 8, 2025, 142, 3, 11, 8, 1474824.0, 2, '2025-09-01T08:20:01.402+00:00', '2025-09-01T21:55:14.555+00:00'),
('cp0e8400-e29b-41d4-a716-446655440114', '550e8400-e29b-41d4-a716-446655440020', 8, 2025, 142, 3, 11, 7, 1658118.0, 1, '2025-09-01T16:18:43.272+00:00', '2025-09-01T07:19:31.798+00:00'),
('cp0e8400-e29b-41d4-a716-446655440123', '550e8400-e29b-41d4-a716-446655440021', 8, 2025, 135, 3, 23, 5, 899385.0, 0, '2025-09-01T13:16:25.036+00:00', '2025-09-01T21:27:16.174+00:00'),
('cp0e8400-e29b-41d4-a716-446655440131', '550e8400-e29b-41d4-a716-446655440022', 8, 2025, 129, 3, 35, 4, 1191256.0, 1, '2025-09-01T09:15:17.991+00:00', '2025-09-01T10:28:37.847+00:00'),
('cp0e8400-e29b-41d4-a716-446655440142', '550e8400-e29b-41d4-a716-446655440023', 8, 2025, 131, 3, 30, 4, 678464.0, 0, '2025-09-01T16:30:18.610+00:00', '2025-09-01T20:29:16.862+00:00'),
('cp0e8400-e29b-41d4-a716-446655440152', '550e8400-e29b-41d4-a716-446655440024', 8, 2025, 155, 3, 1, 9, 2540853.0, 0, '2025-09-01T19:10:11.887+00:00', '2025-09-01T07:25:32.296+00:00'),
('cp0e8400-e29b-41d4-a716-446655440159', '550e8400-e29b-41d4-a716-446655440025', 8, 2025, 42, 0, 62, 2, 578722.0, 0, '2025-09-01T18:42:00.704+00:00', '2025-09-01T07:21:01.491+00:00'),
('cp0e8400-e29b-41d4-a716-446655440165', '550e8400-e29b-41d4-a716-446655440026', 8, 2025, 98, 3, 48, 5, 1223990.0, 1, '2025-09-01T19:01:37.277+00:00', '2025-09-01T07:36:42.669+00:00'),
('cp0e8400-e29b-41d4-a716-446655440170', '550e8400-e29b-41d4-a716-446655440027', 8, 2025, 51, 1, 54, 6, 1249692.0, 1, '2025-09-01T06:48:09.067+00:00', '2025-09-01T20:56:22.808+00:00'),
('cp0e8400-e29b-41d4-a716-446655440179', '550e8400-e29b-41d4-a716-446655440028', 8, 2025, 131, 3, 30, 5, 992460.0, 1, '2025-09-01T22:29:12.281+00:00', '2025-09-01T06:10:26.878+00:00'),
('cp0e8400-e29b-41d4-a716-446655440187', '550e8400-e29b-41d4-a716-446655440029', 8, 2025, 94, 3, 50, 3, 664167.0, 0, '2025-09-01T13:58:49.212+00:00', '2025-09-01T16:22:31.577+00:00'),
('cp0e8400-e29b-41d4-a716-446655440197', '550e8400-e29b-41d4-a716-446655440030', 8, 2025, 142, 3, 11, 7, 1640625.0, 1, '2025-09-01T18:15:27.747+00:00', '2025-09-01T11:18:23.899+00:00'),
('cp0e8400-e29b-41d4-a716-446655440208', '550e8400-e29b-41d4-a716-446655440031', 8, 2025, 142, 3, 11, 6, 1519350.0, 0, '2025-09-01T22:12:04.621+00:00', '2025-09-01T22:41:46.431+00:00'),
('cp0e8400-e29b-41d4-a716-446655440215', '550e8400-e29b-41d4-a716-446655440032', 8, 2025, 52, 1, 53, 5, 1110905.0, 0, '2025-09-01T17:01:53.331+00:00', '2025-09-01T07:24:30.017+00:00'),
('cp0e8400-e29b-41d4-a716-446655440221', '550e8400-e29b-41d4-a716-446655440033', 8, 2025, 135, 3, 23, 5, 782915.0, 0, '2025-09-01T15:38:27.272+00:00', '2025-09-01T15:09:44.577+00:00'),
('cp0e8400-e29b-41d4-a716-446655440230', '550e8400-e29b-41d4-a716-446655440034', 8, 2025, 134, 3, 27, 4, 1026752.0, 0, '2025-09-01T08:02:21.369+00:00', '2025-09-01T19:40:07.377+00:00'),
('cp0e8400-e29b-41d4-a716-446655440235', '550e8400-e29b-41d4-a716-446655440035', 8, 2025, 93, 3, 51, 4, 1040524.0, 1, '2025-09-01T20:26:40.793+00:00', '2025-09-01T06:33:29.289+00:00'),
('cp0e8400-e29b-41d4-a716-446655440245', '550e8400-e29b-41d4-a716-446655440036', 8, 2025, 134, 3, 27, 5, 1337850.0, 1, '2025-09-01T07:27:19.396+00:00', '2025-09-01T17:20:05.914+00:00'),
('cp0e8400-e29b-41d4-a716-446655440253', '550e8400-e29b-41d4-a716-446655440037', 8, 2025, 125, 3, 40, 4, 718632.0, 1, '2025-09-01T06:33:03.975+00:00', '2025-09-01T08:45:02.288+00:00'),
('cp0e8400-e29b-41d4-a716-446655440260', '550e8400-e29b-41d4-a716-446655440038', 8, 2025, 130, 3, 34, 5, 755630.0, 1, '2025-09-01T19:02:13.920+00:00', '2025-09-01T19:55:42.802+00:00'),
('cp0e8400-e29b-41d4-a716-446655440271', '550e8400-e29b-41d4-a716-446655440039', 8, 2025, 127, 3, 37, 4, 884296.0, 1, '2025-09-01T11:58:04.889+00:00', '2025-09-01T08:31:47.773+00:00'),
('cp0e8400-e29b-41d4-a716-446655440277', '550e8400-e29b-41d4-a716-446655440040', 8, 2025, 151, 3, 3, 8, 2148352.0, 0, '2025-09-01T11:03:53.949+00:00', '2025-09-01T07:02:01.383+00:00'),
('cp0e8400-e29b-41d4-a716-446655440286', '550e8400-e29b-41d4-a716-446655440041', 8, 2025, 141, 3, 16, 6, 1340940.0, 0, '2025-09-01T13:02:52.522+00:00', '2025-09-01T21:40:32.698+00:00'),
('cp0e8400-e29b-41d4-a716-446655440291', '550e8400-e29b-41d4-a716-446655440042', 8, 2025, 101, 3, 47, 6, 1228272.0, 1, '2025-09-01T19:55:49.587+00:00', '2025-09-01T18:47:32.437+00:00'),
('cp0e8400-e29b-41d4-a716-446655440301', '550e8400-e29b-41d4-a716-446655440043', 8, 2025, 146, 3, 6, 7, 1632106.0, 0, '2025-09-01T18:30:20.278+00:00', '2025-09-01T13:55:42.496+00:00'),
('cp0e8400-e29b-41d4-a716-446655440308', '550e8400-e29b-41d4-a716-446655440044', 8, 2025, 108, 3, 45, 7, 1236228.0, 0, '2025-09-01T16:42:57.905+00:00', '2025-09-01T19:53:25.723+00:00'),
('cp0e8400-e29b-41d4-a716-446655440316', '550e8400-e29b-41d4-a716-446655440045', 8, 2025, 136, 3, 21, 6, 1242576.0, 1, '2025-09-01T15:34:37.046+00:00', '2025-09-01T10:39:22.352+00:00'),
('cp0e8400-e29b-41d4-a716-446655440327', '550e8400-e29b-41d4-a716-446655440046', 8, 2025, 146, 3, 6, 7, 1722476.0, 0, '2025-09-01T20:13:09.224+00:00', '2025-09-01T20:07:17.292+00:00'),
('cp0e8400-e29b-41d4-a716-446655440333', '550e8400-e29b-41d4-a716-446655440047', 8, 2025, 51, 1, 54, 6, 1108356.0, 1, '2025-09-01T08:19:16.164+00:00', '2025-09-01T10:06:31.959+00:00'),
('cp0e8400-e29b-41d4-a716-446655440342', '550e8400-e29b-41d4-a716-446655440048', 8, 2025, 123, 3, 41, 3, 845283.0, 1, '2025-09-01T22:43:04.993+00:00', '2025-09-01T13:53:26.425+00:00'),
('cp0e8400-e29b-41d4-a716-446655440347', '550e8400-e29b-41d4-a716-446655440049', 8, 2025, 46, 0, 58, 4, 629004.0, 0, '2025-09-01T10:44:38.304+00:00', '2025-09-01T08:48:30.840+00:00'),
('cp0e8400-e29b-41d4-a716-446655440357', '550e8400-e29b-41d4-a716-446655440050', 8, 2025, 131, 3, 30, 4, 612776.0, 0, '2025-09-01T07:55:25.415+00:00', '2025-09-01T20:34:39.161+00:00'),
('cp0e8400-e29b-41d4-a716-446655440364', '550e8400-e29b-41d4-a716-446655440051', 8, 2025, 131, 3, 30, 4, 683044.0, 0, '2025-09-01T15:16:39.749+00:00', '2025-09-01T09:58:14.732+00:00'),
('cp0e8400-e29b-41d4-a716-446655440372', '550e8400-e29b-41d4-a716-446655440052', 8, 2025, 138, 3, 19, 5, 1197690.0, 0, '2025-09-01T14:25:03.066+00:00', '2025-09-01T22:45:44.443+00:00'),
('cp0e8400-e29b-41d4-a716-446655440378', '550e8400-e29b-41d4-a716-446655440053', 8, 2025, 40, 0, 63, 2, 405344.0, 0, '2025-09-01T16:27:40.905+00:00', '2025-09-01T08:33:17.121+00:00'),
('cp0e8400-e29b-41d4-a716-446655440387', '550e8400-e29b-41d4-a716-446655440054', 8, 2025, 144, 3, 8, 8, 1392200.0, 1, '2025-09-01T11:54:59.308+00:00', '2025-09-01T09:40:33.249+00:00'),
('cp0e8400-e29b-41d4-a716-446655440392', '550e8400-e29b-41d4-a716-446655440055', 8, 2025, 108, 3, 45, 7, 1138746.0, 0, '2025-09-01T14:00:32.502+00:00', '2025-09-01T13:20:14.662+00:00'),
('cp0e8400-e29b-41d4-a716-446655440402', '550e8400-e29b-41d4-a716-446655440056', 8, 2025, 128, 3, 36, 4, 1071116.0, 1, '2025-09-01T10:44:44.299+00:00', '2025-09-01T06:33:09.624+00:00'),
('cp0e8400-e29b-41d4-a716-446655440406', '550e8400-e29b-41d4-a716-446655440057', 8, 2025, 45, 0, 61, 3, 752001.0, 0, '2025-09-01T21:17:34.695+00:00', '2025-09-01T21:51:18.092+00:00'),
('cp0e8400-e29b-41d4-a716-446655440413', '550e8400-e29b-41d4-a716-446655440058', 8, 2025, 134, 3, 27, 5, 1391105.0, 1, '2025-09-01T20:53:06.316+00:00', '2025-09-01T14:43:38.709+00:00'),
('cp0e8400-e29b-41d4-a716-446655440424', '550e8400-e29b-41d4-a716-446655440059', 8, 2025, 142, 3, 11, 8, 1624768.0, 2, '2025-09-01T10:01:05.717+00:00', '2025-09-01T17:19:40.307+00:00'),
('cp0e8400-e29b-41d4-a716-446655440430', '550e8400-e29b-41d4-a716-446655440060', 8, 2025, 92, 3, 52, 4, 931264.0, 1, '2025-09-01T14:12:51.615+00:00', '2025-09-01T18:09:23.869+00:00'),
('cp0e8400-e29b-41d4-a716-446655440439', '550e8400-e29b-41d4-a716-446655440061', 8, 2025, 127, 3, 37, 4, 850892.0, 1, '2025-09-01T09:37:29.371+00:00', '2025-09-01T10:23:43.622+00:00'),
('cp0e8400-e29b-41d4-a716-446655440444', '550e8400-e29b-41d4-a716-446655440062', 8, 2025, 109, 3, 44, 7, 2077705.0, 1, '2025-09-01T09:01:26.238+00:00', '2025-09-01T08:30:11.238+00:00'),
('cp0e8400-e29b-41d4-a716-446655440452', '550e8400-e29b-41d4-a716-446655440063', 8, 2025, 138, 3, 19, 6, 1561398.0, 1, '2025-09-01T09:58:26.575+00:00', '2025-09-01T20:25:31.467+00:00'),
('cp0e8400-e29b-41d4-a716-446655440462', '550e8400-e29b-41d4-a716-446655440064', 8, 2025, 121, 3, 43, 3, 690705.0, 1, '2025-09-01T18:28:58.286+00:00', '2025-09-01T19:00:49.370+00:00'),
('cp0e8400-e29b-41d4-a716-446655440466', '550e8400-e29b-41d4-a716-446655440065', 8, 2025, 46, 0, 58, 4, 650100.0, 0, '2025-09-01T16:35:30.140+00:00', '2025-09-01T15:30:13.059+00:00'),
('cp0e8400-e29b-41d4-a716-446655440473', '550e8400-e29b-41d4-a716-446655440066', 8, 2025, 141, 3, 16, 6, 1241940.0, 0, '2025-09-01T07:20:28.022+00:00', '2025-09-01T22:28:58.547+00:00'),
('cp0e8400-e29b-41d4-a716-446655440487', '550e8400-e29b-41d4-a716-446655440068', 8, 2025, 155, 3, 1, 9, 2367180.0, 0, '2025-09-01T08:25:32.909+00:00', '2025-09-01T22:31:13.710+00:00'),
('cp0e8400-e29b-41d4-a716-446655440493', '550e8400-e29b-41d4-a716-446655440069', 8, 2025, 135, 3, 23, 5, 771435.0, 0, '2025-09-01T07:05:23.682+00:00', '2025-09-01T07:55:39.180+00:00'),
('cp0e8400-e29b-41d4-a716-446655440501', '550e8400-e29b-41d4-a716-446655440070', 8, 2025, 144, 3, 8, 6, 1775094.0, 0, '2025-09-01T06:15:35.795+00:00', '2025-09-01T22:37:33.400+00:00'),
('cp0e8400-e29b-41d4-a716-446655440008', '550e8400-e29b-41d4-a716-446655440001', 9, 2025, 134, 3, 36, 5, 1302030.0, 1, '2025-10-01T12:31:24.627+00:00', '2025-10-01T09:58:15.717+00:00'),
('cp0e8400-e29b-41d4-a716-446655440014', '550e8400-e29b-41d4-a716-446655440002', 9, 2025, 134, 3, 36, 4, 1025688.0, 0, '2025-10-01T06:57:26.424+00:00', '2025-10-01T21:19:43.928+00:00'),
('cp0e8400-e29b-41d4-a716-446655440017', '550e8400-e29b-41d4-a716-446655440003', 9, 2025, 34, 0, 66, 3, 554544.0, 1, '2025-10-01T17:36:55.869+00:00', '2025-10-01T08:56:42.665+00:00'),
('cp0e8400-e29b-41d4-a716-446655440025', '550e8400-e29b-41d4-a716-446655440004', 9, 2025, 135, 3, 29, 5, 879580.0, 0, '2025-10-01T09:15:03.758+00:00', '2025-10-01T07:54:41.336+00:00'),
('cp0e8400-e29b-41d4-a716-446655440029', '550e8400-e29b-41d4-a716-446655440005', 9, 2025, 54, 1, 59, 5, 1304960.0, 0, '2025-10-01T16:16:28.836+00:00', '2025-10-01T15:28:07.301+00:00'),
('cp0e8400-e29b-41d4-a716-446655440041', '550e8400-e29b-41d4-a716-446655440007', 9, 2025, 134, 3, 36, 5, 1431070.0, 1, '2025-10-01T18:50:49.326+00:00', '2025-10-01T19:47:46.323+00:00'),
('cp0e8400-e29b-41d4-a716-446655440046', '550e8400-e29b-41d4-a716-446655440008', 9, 2025, 143, 3, 8, 7, 1124487.0, 0, '2025-10-01T13:59:26.619+00:00', '2025-10-01T06:16:20.228+00:00'),
('cp0e8400-e29b-41d4-a716-446655440056', '550e8400-e29b-41d4-a716-446655440010', 9, 2025, 141, 3, 14, 6, 1258272.0, 0, '2025-10-01T13:35:48.318+00:00', '2025-10-01T10:16:29.175+00:00'),
('cp0e8400-e29b-41d4-a716-446655440063', '550e8400-e29b-41d4-a716-446655440011', 9, 2025, 50, 1, 62, 5, 784370.0, 0, '2025-10-01T11:23:45.452+00:00', '2025-10-01T15:42:50.796+00:00'),
('cp0e8400-e29b-41d4-a716-446655440066', '550e8400-e29b-41d4-a716-446655440012', 9, 2025, 63, 1, 56, 8, 2329608.0, 1, '2025-10-01T06:00:46.237+00:00', '2025-10-01T12:03:53.746+00:00'),
('cp0e8400-e29b-41d4-a716-446655440077', '550e8400-e29b-41d4-a716-446655440013', 9, 2025, 146, 3, 4, 7, 1787268.0, 0, '2025-10-01T13:35:10.124+00:00', '2025-10-01T14:00:01.168+00:00'),
('cp0e8400-e29b-41d4-a716-446655440081', '550e8400-e29b-41d4-a716-446655440014', 9, 2025, 37, 0, 65, 3, 795849.0, 1, '2025-10-01T22:35:42.035+00:00', '2025-10-01T06:13:11.267+00:00'),
('cp0e8400-e29b-41d4-a716-446655440091', '550e8400-e29b-41d4-a716-446655440015', 9, 2025, 139, 3, 18, 5, 1403305.0, 0, '2025-10-01T16:07:05.943+00:00', '2025-10-01T14:14:09.587+00:00'),
('cp0e8400-e29b-41d4-a716-446655440097', '550e8400-e29b-41d4-a716-446655440016', 9, 2025, 134, 3, 36, 5, 1438555.0, 1, '2025-10-01T16:41:31.834+00:00', '2025-10-01T13:13:12.968+00:00'),
('cp0e8400-e29b-41d4-a716-446655440108', '550e8400-e29b-41d4-a716-446655440019', 9, 2025, 138, 3, 23, 6, 1545024.0, 1, '2025-10-01T14:30:19.059+00:00', '2025-10-01T11:20:44.714+00:00'),
('cp0e8400-e29b-41d4-a716-446655440115', '550e8400-e29b-41d4-a716-446655440020', 9, 2025, 156, 3, 1, 9, 2668473.0, 0, '2025-10-01T18:15:38.847+00:00', '2025-10-01T18:05:38.571+00:00'),
('cp0e8400-e29b-41d4-a716-446655440124', '550e8400-e29b-41d4-a716-446655440021', 9, 2025, 142, 3, 13, 6, 1473006.0, 0, '2025-10-01T09:49:17.944+00:00', '2025-10-01T16:37:08.944+00:00'),
('cp0e8400-e29b-41d4-a716-446655440132', '550e8400-e29b-41d4-a716-446655440022', 9, 2025, 134, 3, 36, 4, 971640.0, 0, '2025-10-01T09:57:15.517+00:00', '2025-10-01T12:18:59.340+00:00'),
('cp0e8400-e29b-41d4-a716-446655440143', '550e8400-e29b-41d4-a716-446655440023', 9, 2025, 122, 3, 48, 3, 794505.0, 1, '2025-10-01T18:48:38.276+00:00', '2025-10-01T19:28:48.410+00:00'),
('cp0e8400-e29b-41d4-a716-446655440153', '550e8400-e29b-41d4-a716-446655440024', 9, 2025, 139, 3, 18, 5, 1348620.0, 0, '2025-10-01T21:48:14.829+00:00', '2025-10-01T09:52:34.946+00:00'),
('cp0e8400-e29b-41d4-a716-446655440160', '550e8400-e29b-41d4-a716-446655440025', 9, 2025, 45, 0, 63, 3, 741171.0, 0, '2025-10-01T13:20:04.535+00:00', '2025-10-01T18:54:15.885+00:00'),
('cp0e8400-e29b-41d4-a716-446655440166', '550e8400-e29b-41d4-a716-446655440026', 9, 2025, 132, 3, 43, 3, 883851.0, 0, '2025-10-01T15:39:30.083+00:00', '2025-10-01T07:10:41.797+00:00'),
('cp0e8400-e29b-41d4-a716-446655440171', '550e8400-e29b-41d4-a716-446655440027', 9, 2025, 112, 3, 53, 8, 1225184.0, 0, '2025-10-01T14:21:39.898+00:00', '2025-10-01T19:21:00.835+00:00'),
('cp0e8400-e29b-41d4-a716-446655440180', '550e8400-e29b-41d4-a716-446655440028', 9, 2025, 140, 3, 17, 6, 1176000.0, 0, '2025-10-01T07:42:55.573+00:00', '2025-10-01T15:54:24.033+00:00'),
('cp0e8400-e29b-41d4-a716-446655440188', '550e8400-e29b-41d4-a716-446655440029', 9, 2025, 119, 3, 51, 3, 487548.0, 1, '2025-10-01T13:04:01.691+00:00', '2025-10-01T18:38:25.435+00:00'),
('cp0e8400-e29b-41d4-a716-446655440198', '550e8400-e29b-41d4-a716-446655440030', 9, 2025, 135, 3, 29, 5, 801050.0, 0, '2025-10-01T11:20:18.688+00:00', '2025-10-01T13:55:29.216+00:00'),
('cp0e8400-e29b-41d4-a716-446655440209', '550e8400-e29b-41d4-a716-446655440031', 9, 2025, 126, 3, 47, 4, 827184.0, 1, '2025-10-01T16:16:46.332+00:00', '2025-10-01T09:42:36.038+00:00'),
('cp0e8400-e29b-41d4-a716-446655440216', '550e8400-e29b-41d4-a716-446655440032', 9, 2025, 96, 3, 54, 4, 614364.0, 0, '2025-10-01T22:56:22.021+00:00', '2025-10-01T16:33:40.124+00:00'),
('cp0e8400-e29b-41d4-a716-446655440222', '550e8400-e29b-41d4-a716-446655440033', 9, 2025, 135, 3, 29, 5, 804350.0, 0, '2025-10-01T20:24:49.859+00:00', '2025-10-01T22:19:44.690+00:00'),
('cp0e8400-e29b-41d4-a716-446655440231', '550e8400-e29b-41d4-a716-446655440034', 9, 2025, 135, 3, 29, 5, 772715.0, 0, '2025-10-01T12:28:27.561+00:00', '2025-10-01T10:51:06.120+00:00'),
('cp0e8400-e29b-41d4-a716-446655440236', '550e8400-e29b-41d4-a716-446655440035', 9, 2025, 138, 3, 23, 5, 1171650.0, 0, '2025-10-01T17:31:59.667+00:00', '2025-10-01T17:41:00.444+00:00'),
('cp0e8400-e29b-41d4-a716-446655440246', '550e8400-e29b-41d4-a716-446655440036', 9, 2025, 147, 3, 2, 8, 1290656.0, 0, '2025-10-01T21:47:01.438+00:00', '2025-10-01T22:09:45.636+00:00'),
('cp0e8400-e29b-41d4-a716-446655440254', '550e8400-e29b-41d4-a716-446655440037', 9, 2025, 119, 3, 51, 3, 521907.0, 1, '2025-10-01T12:14:12.550+00:00', '2025-10-01T08:37:46.474+00:00'),
('cp0e8400-e29b-41d4-a716-446655440261', '550e8400-e29b-41d4-a716-446655440038', 9, 2025, 141, 3, 14, 6, 1334256.0, 0, '2025-10-01T22:24:35.742+00:00', '2025-10-01T07:19:07.595+00:00'),
('cp0e8400-e29b-41d4-a716-446655440272', '550e8400-e29b-41d4-a716-446655440039', 9, 2025, 138, 3, 23, 6, 1451916.0, 1, '2025-10-01T16:56:34.260+00:00', '2025-10-01T22:20:22.219+00:00'),
('cp0e8400-e29b-41d4-a716-446655440278', '550e8400-e29b-41d4-a716-446655440040', 9, 2025, 137, 3, 26, 6, 1296888.0, 1, '2025-10-01T13:05:12.132+00:00', '2025-10-01T12:35:59.362+00:00'),
('cp0e8400-e29b-41d4-a716-446655440287', '550e8400-e29b-41d4-a716-446655440041', 9, 2025, 139, 3, 18, 6, 1039518.0, 0, '2025-10-01T07:14:15.796+00:00', '2025-10-01T14:26:51.436+00:00'),
('cp0e8400-e29b-41d4-a716-446655440292', '550e8400-e29b-41d4-a716-446655440042', 9, 2025, 139, 3, 18, 6, 1702464.0, 1, '2025-10-01T16:25:39.805+00:00', '2025-10-01T22:13:37.643+00:00'),
('cp0e8400-e29b-41d4-a716-446655440302', '550e8400-e29b-41d4-a716-446655440043', 9, 2025, 146, 3, 4, 7, 1681876.0, 0, '2025-10-01T08:38:24.672+00:00', '2025-10-01T15:43:01.014+00:00'),
('cp0e8400-e29b-41d4-a716-446655440309', '550e8400-e29b-41d4-a716-446655440044', 9, 2025, 136, 3, 27, 5, 979520.0, 0, '2025-10-01T13:00:25.492+00:00', '2025-10-01T09:06:05.857+00:00'),
('cp0e8400-e29b-41d4-a716-446655440317', '550e8400-e29b-41d4-a716-446655440045', 9, 2025, 132, 3, 43, 5, 1087165.0, 1, '2025-10-01T19:47:49.971+00:00', '2025-10-01T15:32:48.996+00:00'),
('cp0e8400-e29b-41d4-a716-446655440328', '550e8400-e29b-41d4-a716-446655440046', 9, 2025, 133, 3, 42, 4, 884236.0, 0, '2025-10-01T06:31:56.214+00:00', '2025-10-01T08:04:59.936+00:00'),
('cp0e8400-e29b-41d4-a716-446655440334', '550e8400-e29b-41d4-a716-446655440047', 9, 2025, 92, 3, 55, 3, 461526.0, 0, '2025-10-01T13:54:42.985+00:00', '2025-10-01T21:38:08.658+00:00'),
('cp0e8400-e29b-41d4-a716-446655440343', '550e8400-e29b-41d4-a716-446655440048', 9, 2025, 143, 3, 8, 7, 1763937.0, 1, '2025-10-01T21:32:11.984+00:00', '2025-10-01T13:00:31.104+00:00'),
('cp0e8400-e29b-41d4-a716-446655440348', '550e8400-e29b-41d4-a716-446655440049', 9, 2025, 40, 0, 64, 4, 646308.0, 1, '2025-10-01T17:54:52.491+00:00', '2025-10-01T11:53:57.935+00:00'),
('cp0e8400-e29b-41d4-a716-446655440358', '550e8400-e29b-41d4-a716-446655440050', 9, 2025, 135, 3, 29, 5, 1474000.0, 1, '2025-10-01T16:25:26.424+00:00', '2025-10-01T22:55:44.557+00:00'),
('cp0e8400-e29b-41d4-a716-446655440365', '550e8400-e29b-41d4-a716-446655440051', 9, 2025, 136, 3, 27, 6, 1228392.0, 1, '2025-10-01T17:05:27.938+00:00', '2025-10-01T08:54:57.162+00:00'),
('cp0e8400-e29b-41d4-a716-446655440373', '550e8400-e29b-41d4-a716-446655440052', 9, 2025, 135, 3, 29, 6, 971004.0, 1, '2025-10-01T13:13:35.858+00:00', '2025-10-01T12:33:12.426+00:00'),
('cp0e8400-e29b-41d4-a716-446655440379', '550e8400-e29b-41d4-a716-446655440053', 9, 2025, 53, 1, 61, 5, 1174450.0, 0, '2025-10-01T17:22:36.858+00:00', '2025-10-01T22:13:53.264+00:00'),
('cp0e8400-e29b-41d4-a716-446655440388', '550e8400-e29b-41d4-a716-446655440054', 9, 2025, 134, 3, 36, 5, 1409035.0, 1, '2025-10-01T06:45:44.548+00:00', '2025-10-01T15:43:34.097+00:00'),
('cp0e8400-e29b-41d4-a716-446655440393', '550e8400-e29b-41d4-a716-446655440055', 9, 2025, 143, 3, 8, 7, 1809738.0, 1, '2025-10-01T18:53:08.528+00:00', '2025-10-01T17:55:27.392+00:00'),
('cp0e8400-e29b-41d4-a716-446655440403', '550e8400-e29b-41d4-a716-446655440056', 9, 2025, 121, 3, 50, 3, 741276.0, 1, '2025-10-01T12:48:44.020+00:00', '2025-10-01T06:56:10.948+00:00'),
('cp0e8400-e29b-41d4-a716-446655440407', '550e8400-e29b-41d4-a716-446655440057', 9, 2025, 63, 1, 56, 7, 2070271.0, 0, '2025-10-01T13:23:00.878+00:00', '2025-10-01T21:04:49.794+00:00'),
('cp0e8400-e29b-41d4-a716-446655440414', '550e8400-e29b-41d4-a716-446655440058', 9, 2025, 132, 3, 43, 3, 889923.0, 0, '2025-10-01T17:23:21.653+00:00', '2025-10-01T21:03:30.802+00:00'),
('cp0e8400-e29b-41d4-a716-446655440425', '550e8400-e29b-41d4-a716-446655440059', 9, 2025, 144, 3, 7, 7, 2048452.0, 1, '2025-10-01T06:28:46.463+00:00', '2025-10-01T10:21:50.381+00:00'),
('cp0e8400-e29b-41d4-a716-446655440431', '550e8400-e29b-41d4-a716-446655440060', 9, 2025, 139, 3, 18, 6, 999996.0, 0, '2025-10-01T21:12:20.895+00:00', '2025-10-01T07:35:08.326+00:00'),
('cp0e8400-e29b-41d4-a716-446655440440', '550e8400-e29b-41d4-a716-446655440061', 9, 2025, 135, 3, 29, 4, 1142500.0, 0, '2025-10-01T22:03:23.926+00:00', '2025-10-01T11:56:50.706+00:00'),
('cp0e8400-e29b-41d4-a716-446655440445', '550e8400-e29b-41d4-a716-446655440062', 9, 2025, 127, 3, 46, 4, 882864.0, 1, '2025-10-01T21:47:33.730+00:00', '2025-10-01T15:50:05.386+00:00'),
('cp0e8400-e29b-41d4-a716-446655440453', '550e8400-e29b-41d4-a716-446655440063', 9, 2025, 122, 3, 48, 3, 757029.0, 1, '2025-10-01T20:27:24.203+00:00', '2025-10-01T20:49:48.801+00:00'),
('cp0e8400-e29b-41d4-a716-446655440463', '550e8400-e29b-41d4-a716-446655440064', 9, 2025, 146, 3, 4, 7, 1674162.0, 0, '2025-10-01T13:21:03.004+00:00', '2025-10-01T12:25:52.635+00:00'),
('cp0e8400-e29b-41d4-a716-446655440467', '550e8400-e29b-41d4-a716-446655440065', 9, 2025, 54, 1, 59, 5, 1333800.0, 0, '2025-10-01T17:04:35.783+00:00', '2025-10-01T06:56:11.530+00:00'),
('cp0e8400-e29b-41d4-a716-446655440474', '550e8400-e29b-41d4-a716-446655440066', 9, 2025, 143, 3, 8, 8, 1827216.0, 2, '2025-10-01T09:13:37.908+00:00', '2025-10-01T12:36:22.435+00:00'),
('cp0e8400-e29b-41d4-a716-446655440477', '550e8400-e29b-41d4-a716-446655440067', 9, 2025, 57, 1, 58, 8, 1639800.0, 2, '2025-10-01T22:51:23.002+00:00', '2025-10-01T13:16:34.453+00:00'),
('cp0e8400-e29b-41d4-a716-446655440488', '550e8400-e29b-41d4-a716-446655440068', 9, 2025, 147, 3, 2, 7, 1868412.0, 0, '2025-10-01T10:38:15.326+00:00', '2025-10-01T20:46:04.649+00:00'),
('cp0e8400-e29b-41d4-a716-446655440494', '550e8400-e29b-41d4-a716-446655440069', 9, 2025, 143, 3, 8, 7, 1924342.0, 1, '2025-10-01T08:45:44.845+00:00', '2025-10-01T09:46:34.073+00:00'),
('cp0e8400-e29b-41d4-a716-446655440502', '550e8400-e29b-41d4-a716-446655440070', 9, 2025, 141, 3, 14, 6, 1205922.0, 0, '2025-10-01T07:30:50.602+00:00', '2025-10-01T17:27:17.886+00:00'),
('cp0e8400-e29b-41d4-a716-446655440009', '550e8400-e29b-41d4-a716-446655440001', 10, 2025, 152, 3, 1, 9, 2410128.0, 1, '2025-11-01T10:14:37.307+00:00', '2025-11-01T07:17:21.956+00:00'),
('cp0e8400-e29b-41d4-a716-446655440015', '550e8400-e29b-41d4-a716-446655440002', 10, 2025, 132, 3, 41, 4, 738588.0, 0, '2025-11-01T06:18:31.489+00:00', '2025-11-01T09:08:09.769+00:00'),
('cp0e8400-e29b-41d4-a716-446655440018', '550e8400-e29b-41d4-a716-446655440003', 10, 2025, 42, 0, 67, 4, 937312.0, 1, '2025-11-01T19:03:33.188+00:00', '2025-11-01T17:12:35.835+00:00'),
('cp0e8400-e29b-41d4-a716-446655440026', '550e8400-e29b-41d4-a716-446655440004', 10, 2025, 134, 3, 38, 5, 1386925.0, 1, '2025-11-01T07:04:58.650+00:00', '2025-11-01T17:19:17.915+00:00'),
('cp0e8400-e29b-41d4-a716-446655440030', '550e8400-e29b-41d4-a716-446655440005', 10, 2025, 93, 3, 61, 3, 562440.0, 0, '2025-11-01T22:20:07.965+00:00', '2025-11-01T19:54:15.608+00:00'),
('cp0e8400-e29b-41d4-a716-446655440042', '550e8400-e29b-41d4-a716-446655440007', 10, 2025, 139, 3, 26, 7, 1081724.0, 1, '2025-11-01T07:47:45.088+00:00', '2025-11-01T20:12:45.690+00:00'),
('cp0e8400-e29b-41d4-a716-446655440047', '550e8400-e29b-41d4-a716-446655440008', 10, 2025, 131, 3, 42, 5, 954595.0, 1, '2025-11-01T08:54:06.058+00:00', '2025-11-01T10:02:17.440+00:00'),
('cp0e8400-e29b-41d4-a716-446655440057', '550e8400-e29b-41d4-a716-446655440010', 10, 2025, 147, 3, 5, 8, 1372160.0, 0, '2025-11-01T17:30:50.122+00:00', '2025-11-01T12:50:55.113+00:00'),
('cp0e8400-e29b-41d4-a716-446655440064', '550e8400-e29b-41d4-a716-446655440011', 10, 2025, 91, 3, 62, 2, 469804.0, 0, '2025-11-01T06:08:37.809+00:00', '2025-11-01T21:41:24.195+00:00'),
('cp0e8400-e29b-41d4-a716-446655440067', '550e8400-e29b-41d4-a716-446655440012', 10, 2025, 110, 3, 57, 7, 1424248.0, 0, '2025-11-01T16:57:27.859+00:00', '2025-11-01T21:33:40.860+00:00'),
('cp0e8400-e29b-41d4-a716-446655440078', '550e8400-e29b-41d4-a716-446655440013', 10, 2025, 130, 3, 44, 5, 832620.0, 1, '2025-11-01T14:22:56.302+00:00', '2025-11-01T06:17:28.023+00:00'),
('cp0e8400-e29b-41d4-a716-446655440082', '550e8400-e29b-41d4-a716-446655440014', 10, 2025, 48, 0, 66, 5, 1189680.0, 1, '2025-11-01T15:52:48.988+00:00', '2025-11-01T22:20:45.247+00:00'),
('cp0e8400-e29b-41d4-a716-446655440092', '550e8400-e29b-41d4-a716-446655440015', 10, 2025, 141, 3, 17, 8, 1390800.0, 2, '2025-11-01T10:23:59.612+00:00', '2025-11-01T15:55:08.531+00:00'),
('cp0e8400-e29b-41d4-a716-446655440098', '550e8400-e29b-41d4-a716-446655440016', 10, 2025, 147, 3, 5, 8, 1993552.0, 1, '2025-11-01T07:52:08.551+00:00', '2025-11-01T18:49:36.194+00:00'),
('cp0e8400-e29b-41d4-a716-446655440100', '550e8400-e29b-41d4-a716-446655440017', 10, 2025, 52, 1, 65, 5, 1149680.0, 0, '2025-11-01T11:40:16.359+00:00', '2025-11-01T19:04:58.643+00:00'),
('cp0e8400-e29b-41d4-a716-446655440109', '550e8400-e29b-41d4-a716-446655440019', 10, 2025, 135, 3, 34, 5, 773790.0, 0, '2025-11-01T06:43:33.160+00:00', '2025-11-01T11:17:37.099+00:00'),
('cp0e8400-e29b-41d4-a716-446655440116', '550e8400-e29b-41d4-a716-446655440020', 10, 2025, 149, 3, 4, 9, 2259765.0, 2, '2025-11-01T14:34:23.186+00:00', '2025-11-01T18:07:42.528+00:00'),
('cp0e8400-e29b-41d4-a716-446655440125', '550e8400-e29b-41d4-a716-446655440021', 10, 2025, 141, 3, 17, 6, 1332810.0, 0, '2025-11-01T12:33:59.792+00:00', '2025-11-01T19:47:56.690+00:00'),
('cp0e8400-e29b-41d4-a716-446655440133', '550e8400-e29b-41d4-a716-446655440022', 10, 2025, 119, 3, 55, 3, 565242.0, 1, '2025-11-01T12:17:18.328+00:00', '2025-11-01T20:49:58.264+00:00'),
('cp0e8400-e29b-41d4-a716-446655440144', '550e8400-e29b-41d4-a716-446655440023', 10, 2025, 139, 3, 26, 6, 1672794.0, 1, '2025-11-01T15:58:29.972+00:00', '2025-11-01T18:01:45.499+00:00'),
('cp0e8400-e29b-41d4-a716-446655440154', '550e8400-e29b-41d4-a716-446655440024', 10, 2025, 151, 3, 3, 9, 2193219.0, 1, '2025-11-01T15:03:15.429+00:00', '2025-11-01T11:20:43.336+00:00'),
('cp0e8400-e29b-41d4-a716-446655440161', '550e8400-e29b-41d4-a716-446655440025', 10, 2025, 53, 1, 64, 5, 1235895.0, 0, '2025-11-01T18:33:55.559+00:00', '2025-11-01T07:37:03.124+00:00'),
('cp0e8400-e29b-41d4-a716-446655440167', '550e8400-e29b-41d4-a716-446655440026', 10, 2025, 131, 3, 42, 3, 830238.0, 0, '2025-11-01T06:47:08.247+00:00', '2025-11-01T10:52:28.488+00:00'),
('cp0e8400-e29b-41d4-a716-446655440172', '550e8400-e29b-41d4-a716-446655440027', 10, 2025, 141, 3, 17, 6, 1368342.0, 0, '2025-11-01T08:23:49.454+00:00', '2025-11-01T07:41:37.612+00:00'),
('cp0e8400-e29b-41d4-a716-446655440181', '550e8400-e29b-41d4-a716-446655440028', 10, 2025, 127, 3, 53, 4, 865724.0, 1, '2025-11-01T14:47:36.196+00:00', '2025-11-01T09:59:26.607+00:00'),
('cp0e8400-e29b-41d4-a716-446655440189', '550e8400-e29b-41d4-a716-446655440029', 10, 2025, 144, 3, 10, 7, 2054514.0, 1, '2025-11-01T11:18:13.990+00:00', '2025-11-01T15:53:05.167+00:00'),
('cp0e8400-e29b-41d4-a716-446655440199', '550e8400-e29b-41d4-a716-446655440030', 10, 2025, 141, 3, 17, 6, 1256424.0, 0, '2025-11-01T17:28:14.736+00:00', '2025-11-01T08:18:47.490+00:00'),
('cp0e8400-e29b-41d4-a716-446655440210', '550e8400-e29b-41d4-a716-446655440031', 10, 2025, 139, 3, 26, 5, 1305380.0, 0, '2025-11-01T22:39:19.721+00:00', '2025-11-01T10:26:36.824+00:00'),
('cp0e8400-e29b-41d4-a716-446655440217', '550e8400-e29b-41d4-a716-446655440032', 10, 2025, 145, 3, 8, 7, 1469874.0, 0, '2025-11-01T11:16:09.914+00:00', '2025-11-01T19:30:24.180+00:00'),
('cp0e8400-e29b-41d4-a716-446655440223', '550e8400-e29b-41d4-a716-446655440033', 10, 2025, 129, 3, 49, 3, 660243.0, 0, '2025-11-01T12:26:59.208+00:00', '2025-11-01T21:16:17.942+00:00'),
('cp0e8400-e29b-41d4-a716-446655440232', '550e8400-e29b-41d4-a716-446655440034', 10, 2025, 143, 3, 12, 7, 1852340.0, 1, '2025-11-01T19:04:22.832+00:00', '2025-11-01T10:31:49.824+00:00'),
('cp0e8400-e29b-41d4-a716-446655440237', '550e8400-e29b-41d4-a716-446655440035', 10, 2025, 139, 3, 26, 6, 1654908.0, 1, '2025-11-01T07:51:32.524+00:00', '2025-11-01T11:27:52.413+00:00'),
('cp0e8400-e29b-41d4-a716-446655440247', '550e8400-e29b-41d4-a716-446655440036', 10, 2025, 129, 3, 49, 4, 1147172.0, 1, '2025-11-01T12:58:23.677+00:00', '2025-11-01T07:06:11.049+00:00'),
('cp0e8400-e29b-41d4-a716-446655440255', '550e8400-e29b-41d4-a716-446655440037', 10, 2025, 133, 3, 40, 4, 847300.0, 0, '2025-11-01T08:15:27.234+00:00', '2025-11-01T15:25:30.999+00:00'),
('cp0e8400-e29b-41d4-a716-446655440262', '550e8400-e29b-41d4-a716-446655440038', 10, 2025, 144, 3, 10, 8, 1349152.0, 1, '2025-11-01T22:38:12.253+00:00', '2025-11-01T18:45:56.709+00:00'),
('cp0e8400-e29b-41d4-a716-446655440273', '550e8400-e29b-41d4-a716-446655440039', 10, 2025, 140, 3, 24, 6, 1140846.0, 0, '2025-11-01T13:41:56.026+00:00', '2025-11-01T21:14:31.211+00:00'),
('cp0e8400-e29b-41d4-a716-446655440279', '550e8400-e29b-41d4-a716-446655440040', 10, 2025, 139, 3, 26, 5, 1309930.0, 0, '2025-11-01T07:37:40.222+00:00', '2025-11-01T13:41:55.029+00:00'),
('cp0e8400-e29b-41d4-a716-446655440288', '550e8400-e29b-41d4-a716-446655440041', 10, 2025, 135, 3, 34, 6, 959946.0, 1, '2025-11-01T08:26:17.403+00:00', '2025-11-01T10:47:09.151+00:00'),
('cp0e8400-e29b-41d4-a716-446655440293', '550e8400-e29b-41d4-a716-446655440042', 10, 2025, 135, 3, 34, 5, 858675.0, 0, '2025-11-01T06:57:20.487+00:00', '2025-11-01T10:03:56.132+00:00'),
('cp0e8400-e29b-41d4-a716-446655440303', '550e8400-e29b-41d4-a716-446655440043', 10, 2025, 142, 3, 15, 8, 1547656.0, 2, '2025-11-01T14:10:56.480+00:00', '2025-11-01T22:21:47.030+00:00'),
('cp0e8400-e29b-41d4-a716-446655440310', '550e8400-e29b-41d4-a716-446655440044', 10, 2025, 134, 3, 38, 5, 1326275.0, 1, '2025-11-01T22:35:08.594+00:00', '2025-11-01T15:07:02.782+00:00'),
('cp0e8400-e29b-41d4-a716-446655440318', '550e8400-e29b-41d4-a716-446655440045', 10, 2025, 146, 3, 7, 8, 1862504.0, 1, '2025-11-01T07:50:09.733+00:00', '2025-11-01T18:40:56.563+00:00'),
('cp0e8400-e29b-41d4-a716-446655440329', '550e8400-e29b-41d4-a716-446655440046', 10, 2025, 139, 3, 26, 6, 992208.0, 0, '2025-11-01T22:15:16.735+00:00', '2025-11-01T20:14:21.802+00:00'),
('cp0e8400-e29b-41d4-a716-446655440335', '550e8400-e29b-41d4-a716-446655440047', 10, 2025, 143, 3, 12, 6, 1720722.0, 0, '2025-11-01T11:46:41.146+00:00', '2025-11-01T19:09:01.927+00:00'),
('cp0e8400-e29b-41d4-a716-446655440344', '550e8400-e29b-41d4-a716-446655440048', 10, 2025, 129, 3, 49, 4, 1188800.0, 1, '2025-11-01T16:54:45.328+00:00', '2025-11-01T21:49:42.878+00:00'),
('cp0e8400-e29b-41d4-a716-446655440349', '550e8400-e29b-41d4-a716-446655440049', 10, 2025, 59, 1, 63, 6, 1744854.0, 0, '2025-11-01T21:27:01.344+00:00', '2025-11-01T10:44:41.210+00:00'),
('cp0e8400-e29b-41d4-a716-446655440359', '550e8400-e29b-41d4-a716-446655440050', 10, 2025, 140, 3, 24, 6, 1110834.0, 0, '2025-11-01T14:12:13.078+00:00', '2025-11-01T18:26:47.425+00:00'),
('cp0e8400-e29b-41d4-a716-446655440366', '550e8400-e29b-41d4-a716-446655440051', 10, 2025, 145, 3, 8, 8, 1615536.0, 1, '2025-11-01T19:29:22.883+00:00', '2025-11-01T20:59:46.660+00:00'),
('cp0e8400-e29b-41d4-a716-446655440374', '550e8400-e29b-41d4-a716-446655440052', 10, 2025, 138, 3, 32, 6, 1496418.0, 1, '2025-11-01T14:46:11.356+00:00', '2025-11-01T16:27:57.326+00:00'),
('cp0e8400-e29b-41d4-a716-446655440380', '550e8400-e29b-41d4-a716-446655440053', 10, 2025, 108, 3, 59, 6, 1618830.0, 0, '2025-11-01T20:20:24.248+00:00', '2025-11-01T11:07:50.719+00:00'),
('cp0e8400-e29b-41d4-a716-446655440389', '550e8400-e29b-41d4-a716-446655440054', 10, 2025, 141, 3, 17, 7, 1560825.0, 1, '2025-11-01T22:40:33.087+00:00', '2025-11-01T19:29:35.158+00:00'),
('cp0e8400-e29b-41d4-a716-446655440394', '550e8400-e29b-41d4-a716-446655440055', 10, 2025, 135, 3, 34, 6, 954030.0, 1, '2025-11-01T07:43:56.738+00:00', '2025-11-01T22:15:28.698+00:00'),
('cp0e8400-e29b-41d4-a716-446655440404', '550e8400-e29b-41d4-a716-446655440056', 10, 2025, 141, 3, 17, 7, 1595216.0, 1, '2025-11-01T13:23:39.487+00:00', '2025-11-01T18:44:19.672+00:00'),
('cp0e8400-e29b-41d4-a716-446655440408', '550e8400-e29b-41d4-a716-446655440057', 10, 2025, 111, 3, 56, 7, 1740004.0, 0, '2025-11-01T06:29:28.186+00:00', '2025-11-01T06:22:19.924+00:00'),
('cp0e8400-e29b-41d4-a716-446655440415', '550e8400-e29b-41d4-a716-446655440058', 10, 2025, 142, 3, 15, 6, 1534164.0, 0, '2025-11-01T11:56:37.913+00:00', '2025-11-01T21:58:10.561+00:00'),
('cp0e8400-e29b-41d4-a716-446655440426', '550e8400-e29b-41d4-a716-446655440059', 10, 2025, 143, 3, 12, 8, 1702848.0, 2, '2025-11-01T12:22:19.434+00:00', '2025-11-01T09:54:55.891+00:00'),
('cp0e8400-e29b-41d4-a716-446655440432', '550e8400-e29b-41d4-a716-446655440060', 10, 2025, 130, 3, 44, 5, 844490.0, 1, '2025-11-01T21:35:30.103+00:00', '2025-11-01T11:24:07.763+00:00'),
('cp0e8400-e29b-41d4-a716-446655440441', '550e8400-e29b-41d4-a716-446655440061', 10, 2025, 136, 3, 33, 6, 1248672.0, 1, '2025-11-01T18:49:58.970+00:00', '2025-11-01T10:59:05.824+00:00'),
('cp0e8400-e29b-41d4-a716-446655440446', '550e8400-e29b-41d4-a716-446655440062', 10, 2025, 126, 3, 54, 4, 722592.0, 1, '2025-11-01T08:46:12.058+00:00', '2025-11-01T15:40:08.579+00:00'),
('cp0e8400-e29b-41d4-a716-446655440454', '550e8400-e29b-41d4-a716-446655440063', 10, 2025, 129, 3, 49, 4, 1114488.0, 1, '2025-11-01T20:13:24.980+00:00', '2025-11-01T07:04:56.520+00:00'),
('cp0e8400-e29b-41d4-a716-446655440464', '550e8400-e29b-41d4-a716-446655440064', 10, 2025, 130, 3, 44, 3, 718266.0, 0, '2025-11-01T11:37:04.745+00:00', '2025-11-01T06:31:59.441+00:00'),
('cp0e8400-e29b-41d4-a716-446655440468', '550e8400-e29b-41d4-a716-446655440065', 10, 2025, 109, 3, 58, 7, 2030427.0, 1, '2025-11-01T10:51:50.090+00:00', '2025-11-01T11:42:26.272+00:00'),
('cp0e8400-e29b-41d4-a716-446655440475', '550e8400-e29b-41d4-a716-446655440066', 10, 2025, 152, 3, 1, 9, 1753758.0, 0, '2025-11-01T07:47:39.191+00:00', '2025-11-01T06:46:43.016+00:00'),
('cp0e8400-e29b-41d4-a716-446655440478', '550e8400-e29b-41d4-a716-446655440067', 10, 2025, 99, 3, 60, 5, 1434365.0, 1, '2025-11-01T07:18:35.763+00:00', '2025-11-01T14:36:39.477+00:00'),
('cp0e8400-e29b-41d4-a716-446655440489', '550e8400-e29b-41d4-a716-446655440068', 10, 2025, 130, 3, 44, 5, 878955.0, 1, '2025-11-01T13:14:13.582+00:00', '2025-11-01T20:19:20.653+00:00'),
('cp0e8400-e29b-41d4-a716-446655440495', '550e8400-e29b-41d4-a716-446655440069', 10, 2025, 141, 3, 17, 6, 1250484.0, 0, '2025-11-01T22:55:14.311+00:00', '2025-11-01T20:07:12.939+00:00'),
('cp0e8400-e29b-41d4-a716-446655440503', '550e8400-e29b-41d4-a716-446655440070', 10, 2025, 130, 3, 44, 5, 816785.0, 1, '2025-11-01T13:07:29.316+00:00', '2025-11-01T12:53:52.040+00:00'),
('cp0e8400-e29b-41d4-a716-446655440010', '550e8400-e29b-41d4-a716-446655440001', 11, 2025, 142, 3, 16, 7, 1620031.0, 1, '2025-12-01T14:22:02.839+00:00', '2025-12-01T20:55:37.837+00:00'),
('cp0e8400-e29b-41d4-a716-446655440016', '550e8400-e29b-41d4-a716-446655440002', 11, 2025, 150, 3, 3, 8, 2011472.0, 0, '2025-12-01T09:45:43.847+00:00', '2025-12-01T09:25:53.615+00:00'),
('cp0e8400-e29b-41d4-a716-446655440019', '550e8400-e29b-41d4-a716-446655440003', 11, 2025, 41, 0, 70, 4, 757232.0, 1, '2025-12-01T11:30:57.797+00:00', '2025-12-01T12:02:26.825+00:00'),
('cp0e8400-e29b-41d4-a716-446655440027', '550e8400-e29b-41d4-a716-446655440004', 11, 2025, 122, 3, 59, 3, 787083.0, 1, '2025-12-01T22:06:08.568+00:00', '2025-12-01T14:35:15.812+00:00'),
('cp0e8400-e29b-41d4-a716-446655440031', '550e8400-e29b-41d4-a716-446655440005', 11, 2025, 129, 3, 50, 4, 1188660.0, 1, '2025-12-01T13:04:48.496+00:00', '2025-12-01T14:22:49.011+00:00'),
('cp0e8400-e29b-41d4-a716-446655440032', '550e8400-e29b-41d4-a716-446655440006', 11, 2025, 50, 1, 69, 6, 1038738.0, 1, '2025-12-01T17:41:21.295+00:00', '2025-12-01T10:42:00.697+00:00'),
('cp0e8400-e29b-41d4-a716-446655440043', '550e8400-e29b-41d4-a716-446655440007', 11, 2025, 131, 3, 41, 3, 826800.0, 0, '2025-12-01T06:41:22.047+00:00', '2025-12-01T07:17:18.372+00:00'),
('cp0e8400-e29b-41d4-a716-446655440048', '550e8400-e29b-41d4-a716-446655440008', 11, 2025, 119, 3, 60, 3, 542859.0, 1, '2025-12-01T08:37:54.317+00:00', '2025-12-01T10:11:52.388+00:00'),
('cp0e8400-e29b-41d4-a716-446655440049', '550e8400-e29b-41d4-a716-446655440009', 11, 2025, 60, 1, 66, 8, 1648704.0, 1, '2025-12-01T06:49:20.972+00:00', '2025-12-01T11:29:19.825+00:00'),
('cp0e8400-e29b-41d4-a716-446655440058', '550e8400-e29b-41d4-a716-446655440010', 11, 2025, 131, 3, 41, 4, 651560.0, 0, '2025-12-01T12:26:17.461+00:00', '2025-12-01T17:53:56.052+00:00'),
('cp0e8400-e29b-41d4-a716-446655440065', '550e8400-e29b-41d4-a716-446655440011', 11, 2025, 141, 3, 21, 7, 1594600.0, 1, '2025-12-01T09:34:59.554+00:00', '2025-12-01T12:05:26.043+00:00'),
('cp0e8400-e29b-41d4-a716-446655440068', '550e8400-e29b-41d4-a716-446655440012', 11, 2025, 145, 3, 9, 8, 1501296.0, 1, '2025-12-01T12:31:58.688+00:00', '2025-12-01T08:47:04.056+00:00'),
('cp0e8400-e29b-41d4-a716-446655440079', '550e8400-e29b-41d4-a716-446655440013', 11, 2025, 135, 3, 34, 5, 1473505.0, 1, '2025-12-01T22:30:05.844+00:00', '2025-12-01T07:48:46.318+00:00'),
('cp0e8400-e29b-41d4-a716-446655440083', '550e8400-e29b-41d4-a716-446655440014', 11, 2025, 53, 1, 67, 6, 1602948.0, 1, '2025-12-01T10:20:23.430+00:00', '2025-12-01T14:08:20.829+00:00'),
('cp0e8400-e29b-41d4-a716-446655440093', '550e8400-e29b-41d4-a716-446655440015', 11, 2025, 141, 3, 21, 8, 1364432.0, 2, '2025-12-01T11:12:36.546+00:00', '2025-12-01T22:10:52.509+00:00'),
('cp0e8400-e29b-41d4-a716-446655440099', '550e8400-e29b-41d4-a716-446655440016', 11, 2025, 146, 3, 6, 8, 1915080.0, 1, '2025-12-01T15:16:26.507+00:00', '2025-12-01T21:12:46.044+00:00'),
('cp0e8400-e29b-41d4-a716-446655440101', '550e8400-e29b-41d4-a716-446655440017', 11, 2025, 101, 3, 64, 6, 1141098.0, 1, '2025-12-01T15:59:34.014+00:00', '2025-12-01T07:02:26.285+00:00'),
('cp0e8400-e29b-41d4-a716-446655440102', '550e8400-e29b-41d4-a716-446655440018', 11, 2025, 52, 1, 68, 6, 1401030.0, 1, '2025-12-01T18:35:49.946+00:00', '2025-12-01T21:31:27.252+00:00'),
('cp0e8400-e29b-41d4-a716-446655440110', '550e8400-e29b-41d4-a716-446655440019', 11, 2025, 137, 3, 31, 5, 1116015.0, 0, '2025-12-01T15:09:34.600+00:00', '2025-12-01T06:19:10.590+00:00'),
('cp0e8400-e29b-41d4-a716-446655440117', '550e8400-e29b-41d4-a716-446655440020', 11, 2025, 130, 3, 47, 5, 897920.0, 1, '2025-12-01T08:56:38.847+00:00', '2025-12-01T18:51:53.284+00:00'),
('cp0e8400-e29b-41d4-a716-446655440126', '550e8400-e29b-41d4-a716-446655440021', 11, 2025, 144, 3, 11, 7, 1985375.0, 1, '2025-12-01T18:32:02.314+00:00', '2025-12-01T17:49:49.349+00:00'),
('cp0e8400-e29b-41d4-a716-446655440134', '550e8400-e29b-41d4-a716-446655440022', 11, 2025, 119, 3, 60, 3, 536283.0, 1, '2025-12-01T07:15:45.934+00:00', '2025-12-01T15:46:28.484+00:00'),
('cp0e8400-e29b-41d4-a716-446655440145', '550e8400-e29b-41d4-a716-446655440023', 11, 2025, 135, 3, 34, 5, 771975.0, 0, '2025-12-01T07:32:51.298+00:00', '2025-12-01T06:19:31.104+00:00'),
('cp0e8400-e29b-41d4-a716-446655440155', '550e8400-e29b-41d4-a716-446655440024', 11, 2025, 155, 3, 1, 9, 2383857.0, 0, '2025-12-01T07:32:02.918+00:00', '2025-12-01T13:19:56.986+00:00'),
('cp0e8400-e29b-41d4-a716-446655440162', '550e8400-e29b-41d4-a716-446655440025', 11, 2025, 105, 3, 63, 5, 1485120.0, 0, '2025-12-01T18:22:09.362+00:00', '2025-12-01T12:18:50.328+00:00'),
('cp0e8400-e29b-41d4-a716-446655440168', '550e8400-e29b-41d4-a716-446655440026', 11, 2025, 130, 3, 47, 3, 774969.0, 0, '2025-12-01T14:51:01.816+00:00', '2025-12-01T10:29:34.742+00:00'),
('cp0e8400-e29b-41d4-a716-446655440173', '550e8400-e29b-41d4-a716-446655440027', 11, 2025, 142, 3, 16, 8, 1461296.0, 2, '2025-12-01T21:39:14.123+00:00', '2025-12-01T14:50:49.055+00:00'),
('cp0e8400-e29b-41d4-a716-446655440182', '550e8400-e29b-41d4-a716-446655440028', 11, 2025, 136, 3, 32, 4, 1162364.0, 0, '2025-12-01T07:14:44.505+00:00', '2025-12-01T19:31:10.339+00:00'),
('cp0e8400-e29b-41d4-a716-446655440190', '550e8400-e29b-41d4-a716-446655440029', 11, 2025, 139, 3, 27, 6, 1015740.0, 0, '2025-12-01T06:51:56.428+00:00', '2025-12-01T12:50:26.302+00:00'),
('cp0e8400-e29b-41d4-a716-446655440200', '550e8400-e29b-41d4-a716-446655440030', 11, 2025, 136, 3, 32, 6, 1190916.0, 1, '2025-12-01T06:10:00.952+00:00', '2025-12-01T12:55:58.022+00:00'),
('cp0e8400-e29b-41d4-a716-446655440211', '550e8400-e29b-41d4-a716-446655440031', 11, 2025, 131, 3, 41, 5, 995905.0, 1, '2025-12-01T22:30:17.259+00:00', '2025-12-01T19:30:01.533+00:00'),
('cp0e8400-e29b-41d4-a716-446655440218', '550e8400-e29b-41d4-a716-446655440032', 11, 2025, 129, 3, 50, 3, 637098.0, 0, '2025-12-01T09:12:02.368+00:00', '2025-12-01T17:32:49.645+00:00'),
('cp0e8400-e29b-41d4-a716-446655440224', '550e8400-e29b-41d4-a716-446655440033', 11, 2025, 132, 3, 39, 5, 1024790.0, 1, '2025-12-01T21:28:25.162+00:00', '2025-12-01T16:35:12.914+00:00'),
('cp0e8400-e29b-41d4-a716-446655440233', '550e8400-e29b-41d4-a716-446655440034', 11, 2025, 131, 3, 41, 3, 797079.0, 0, '2025-12-01T17:48:36.164+00:00', '2025-12-01T13:08:18.903+00:00'),
('cp0e8400-e29b-41d4-a716-446655440238', '550e8400-e29b-41d4-a716-446655440035', 11, 2025, 131, 3, 41, 5, 997450.0, 1, '2025-12-01T09:52:23.501+00:00', '2025-12-01T18:01:19.026+00:00'),
('cp0e8400-e29b-41d4-a716-446655440248', '550e8400-e29b-41d4-a716-446655440036', 11, 2025, 139, 3, 27, 7, 1068221.0, 1, '2025-12-01T08:21:54.312+00:00', '2025-12-01T06:11:29.161+00:00'),
('cp0e8400-e29b-41d4-a716-446655440256', '550e8400-e29b-41d4-a716-446655440037', 11, 2025, 140, 3, 25, 5, 1482685.0, 0, '2025-12-01T12:55:45.849+00:00', '2025-12-01T10:51:53.667+00:00'),
('cp0e8400-e29b-41d4-a716-446655440263', '550e8400-e29b-41d4-a716-446655440038', 11, 2025, 145, 3, 9, 7, 1570170.0, 0, '2025-12-01T06:29:22.495+00:00', '2025-12-01T07:01:45.742+00:00'),
('cp0e8400-e29b-41d4-a716-446655440274', '550e8400-e29b-41d4-a716-446655440039', 11, 2025, 140, 3, 25, 6, 1164780.0, 0, '2025-12-01T18:24:42.046+00:00', '2025-12-01T17:21:26.393+00:00'),
('cp0e8400-e29b-41d4-a716-446655440280', '550e8400-e29b-41d4-a716-446655440040', 11, 2025, 139, 3, 27, 6, 1067748.0, 0, '2025-12-01T13:13:43.434+00:00', '2025-12-01T15:20:24.348+00:00'),
('cp0e8400-e29b-41d4-a716-446655440289', '550e8400-e29b-41d4-a716-446655440041', 11, 2025, 146, 3, 6, 7, 1681582.0, 0, '2025-12-01T19:41:13.602+00:00', '2025-12-01T12:18:39.230+00:00'),
('cp0e8400-e29b-41d4-a716-446655440294', '550e8400-e29b-41d4-a716-446655440042', 11, 2025, 115, 3, 62, 2, 592496.0, 1, '2025-12-01T19:36:51.240+00:00', '2025-12-01T06:40:11.051+00:00'),
('cp0e8400-e29b-41d4-a716-446655440304', '550e8400-e29b-41d4-a716-446655440043', 11, 2025, 141, 3, 21, 8, 1341472.0, 2, '2025-12-01T08:26:27.769+00:00', '2025-12-01T08:59:29.346+00:00'),
('cp0e8400-e29b-41d4-a716-446655440311', '550e8400-e29b-41d4-a716-446655440044', 11, 2025, 130, 3, 47, 5, 822475.0, 1, '2025-12-01T12:16:41.485+00:00', '2025-12-01T13:59:03.692+00:00'),
('cp0e8400-e29b-41d4-a716-446655440319', '550e8400-e29b-41d4-a716-446655440045', 11, 2025, 154, 3, 2, 9, 2073240.0, 0, '2025-12-01T06:26:34.370+00:00', '2025-12-01T10:11:17.093+00:00'),
('cp0e8400-e29b-41d4-a716-446655440330', '550e8400-e29b-41d4-a716-446655440046', 11, 2025, 127, 3, 54, 3, 470103.0, 0, '2025-12-01T17:02:08.251+00:00', '2025-12-01T18:06:13.568+00:00'),
('cp0e8400-e29b-41d4-a716-446655440336', '550e8400-e29b-41d4-a716-446655440047', 11, 2025, 129, 3, 50, 3, 675273.0, 0, '2025-12-01T12:10:07.341+00:00', '2025-12-01T08:09:05.239+00:00'),
('cp0e8400-e29b-41d4-a716-446655440345', '550e8400-e29b-41d4-a716-446655440048', 11, 2025, 125, 3, 57, 4, 704308.0, 1, '2025-12-01T19:05:43.018+00:00', '2025-12-01T13:16:45.179+00:00'),
('cp0e8400-e29b-41d4-a716-446655440350', '550e8400-e29b-41d4-a716-446655440049', 11, 2025, 98, 3, 65, 5, 1198665.0, 1, '2025-12-01T08:40:31.448+00:00', '2025-12-01T13:41:20.013+00:00'),
('cp0e8400-e29b-41d4-a716-446655440360', '550e8400-e29b-41d4-a716-446655440050', 11, 2025, 134, 3, 37, 4, 987252.0, 0, '2025-12-01T14:55:10.986+00:00', '2025-12-01T22:13:26.417+00:00'),
('cp0e8400-e29b-41d4-a716-446655440367', '550e8400-e29b-41d4-a716-446655440051', 11, 2025, 131, 3, 41, 4, 643444.0, 0, '2025-12-01T19:20:53.453+00:00', '2025-12-01T21:33:45.412+00:00'),
('cp0e8400-e29b-41d4-a716-446655440375', '550e8400-e29b-41d4-a716-446655440052', 11, 2025, 139, 3, 27, 7, 1134812.0, 1, '2025-12-01T18:08:20.243+00:00', '2025-12-01T09:23:55.535+00:00'),
('cp0e8400-e29b-41d4-a716-446655440381', '550e8400-e29b-41d4-a716-446655440053', 11, 2025, 128, 3, 53, 4, 992136.0, 1, '2025-12-01T10:50:10.024+00:00', '2025-12-01T18:31:01.271+00:00'),
('cp0e8400-e29b-41d4-a716-446655440390', '550e8400-e29b-41d4-a716-446655440054', 11, 2025, 150, 3, 3, 8, 2055952.0, 0, '2025-12-01T22:16:45.286+00:00', '2025-12-01T17:33:28.635+00:00'),
('cp0e8400-e29b-41d4-a716-446655440395', '550e8400-e29b-41d4-a716-446655440055', 11, 2025, 134, 3, 37, 4, 950128.0, 0, '2025-12-01T08:22:02.714+00:00', '2025-12-01T15:48:12.712+00:00'),
('cp0e8400-e29b-41d4-a716-446655440405', '550e8400-e29b-41d4-a716-446655440056', 11, 2025, 141, 3, 21, 6, 1237728.0, 0, '2025-12-01T19:17:58.290+00:00', '2025-12-01T06:39:49.330+00:00'),
('cp0e8400-e29b-41d4-a716-446655440409', '550e8400-e29b-41d4-a716-446655440057', 11, 2025, 125, 3, 57, 4, 613628.0, 1, '2025-12-01T12:59:33.957+00:00', '2025-12-01T08:41:45.619+00:00'),
('cp0e8400-e29b-41d4-a716-446655440416', '550e8400-e29b-41d4-a716-446655440058', 11, 2025, 127, 3, 54, 3, 496908.0, 0, '2025-12-01T12:27:33.533+00:00', '2025-12-01T21:34:58.558+00:00'),
('cp0e8400-e29b-41d4-a716-446655440427', '550e8400-e29b-41d4-a716-446655440059', 11, 2025, 135, 3, 34, 4, 1120504.0, 0, '2025-12-01T08:23:50.067+00:00', '2025-12-01T12:21:50.635+00:00'),
('cp0e8400-e29b-41d4-a716-446655440433', '550e8400-e29b-41d4-a716-446655440060', 11, 2025, 143, 3, 14, 7, 1874600.0, 1, '2025-12-01T17:22:56.179+00:00', '2025-12-01T17:46:18.129+00:00'),
('cp0e8400-e29b-41d4-a716-446655440442', '550e8400-e29b-41d4-a716-446655440061', 11, 2025, 146, 3, 6, 7, 1795549.0, 0, '2025-12-01T14:13:47.721+00:00', '2025-12-01T07:29:25.901+00:00'),
('cp0e8400-e29b-41d4-a716-446655440447', '550e8400-e29b-41d4-a716-446655440062', 11, 2025, 127, 3, 54, 4, 947640.0, 1, '2025-12-01T09:36:55.865+00:00', '2025-12-01T21:24:58.569+00:00'),
('cp0e8400-e29b-41d4-a716-446655440455', '550e8400-e29b-41d4-a716-446655440063', 11, 2025, 144, 3, 11, 8, 1223240.0, 1, '2025-12-01T06:36:44.780+00:00', '2025-12-01T13:19:52.812+00:00'),
('cp0e8400-e29b-41d4-a716-446655440465', '550e8400-e29b-41d4-a716-446655440064', 11, 2025, 132, 3, 39, 5, 1024340.0, 1, '2025-12-01T12:12:19.009+00:00', '2025-12-01T07:57:31.300+00:00'),
('cp0e8400-e29b-41d4-a716-446655440469', '550e8400-e29b-41d4-a716-446655440065', 11, 2025, 148, 3, 5, 9, 1396998.0, 1, '2025-12-01T14:03:15.175+00:00', '2025-12-01T10:36:28.054+00:00'),
('cp0e8400-e29b-41d4-a716-446655440476', '550e8400-e29b-41d4-a716-446655440066', 11, 2025, 144, 3, 11, 8, 1241016.0, 1, '2025-12-01T07:35:11.327+00:00', '2025-12-01T17:51:31.400+00:00'),
('cp0e8400-e29b-41d4-a716-446655440479', '550e8400-e29b-41d4-a716-446655440067', 11, 2025, 142, 3, 16, 6, 1412886.0, 0, '2025-12-01T16:49:56.154+00:00', '2025-12-01T10:57:46.193+00:00'),
('cp0e8400-e29b-41d4-a716-446655440490', '550e8400-e29b-41d4-a716-446655440068', 11, 2025, 142, 3, 16, 7, 1691466.0, 1, '2025-12-01T15:19:35.331+00:00', '2025-12-01T06:02:13.164+00:00'),
('cp0e8400-e29b-41d4-a716-446655440496', '550e8400-e29b-41d4-a716-446655440069', 11, 2025, 142, 3, 16, 6, 1422396.0, 0, '2025-12-01T19:37:00.085+00:00', '2025-12-01T08:31:10.013+00:00'),
('cp0e8400-e29b-41d4-a716-446655440504', '550e8400-e29b-41d4-a716-446655440070', 11, 2025, 143, 3, 14, 7, 1152333.0, 0, '2025-12-01T13:20:40.193+00:00', '2025-12-01T13:00:20.405+00:00');

-- Total: 504 customer potential records

-- ============================================================================
-- SEER PERFORMANCE (Monthly performance tracking)
-- ============================================================================
INSERT INTO seer_performance (id, seer_id, month, year, performance_tier, performance_point, ranking, total_packages, total_rates, avg_rating, total_bookings, completed_bookings, cancelled_by_seer, total_revenue, bonus, created_at, updated_at) VALUES
('sp0e8400-e29b-41d4-a716-446655440101', '550e8400-e29b-41d4-a716-446655440021', 1, 2025, 3, 179, 1, 14, 42, 4.65, 48, 45, 1, 18500000.0, 500000.0, '2025-02-01T12:52:53.992+00:00', '2025-02-01T17:38:51.066+00:00'),
('sp0e8400-e29b-41d4-a716-446655440301', '550e8400-e29b-41d4-a716-446655440023', 1, 2025, 3, 102, 3, 3, 28, 4.6, 32, 31, 0, 12400000.0, 400000.0, '2025-02-01T22:19:56.318+00:00', '2025-02-01T17:33:04.770+00:00'),
('sp0e8400-e29b-41d4-a716-446655440801', '550e8400-e29b-41d4-a716-446655440028', 1, 2025, 3, 101, 4, 2, 34, 4.67, 38, 37, 0, 15200000.0, 550000.0, '2025-02-01T13:48:24.833+00:00', '2025-02-01T11:02:21.546+00:00'),
('sp0e8400-e29b-41d4-a716-446655441101', '550e8400-e29b-41d4-a716-446655440031', 1, 2025, 3, 110, 2, 3, 36, 4.7, 40, 39, 1, 16800000.0, 600000.0, '2025-02-01T17:52:10.563+00:00', '2025-02-01T08:35:38.839+00:00'),
('sp0e8400-e29b-41d4-a716-446655440102', '550e8400-e29b-41d4-a716-446655440021', 2, 2025, 3, 276, 1, 14, 58, 4.7, 63, 60, 1, 24300000.0, 750000.0, '2025-03-01T17:16:29.652+00:00', '2025-03-01T08:13:44.561+00:00'),
('sp0e8400-e29b-41d4-a716-446655440201', '550e8400-e29b-41d4-a716-446655440022', 2, 2025, 2, 82, 7, 2, 15, 4.5, 18, 17, 1, 6200000.0, 200000.0, '2025-03-01T17:18:14.267+00:00', '2025-03-01T19:16:03.745+00:00'),
('sp0e8400-e29b-41d4-a716-446655440302', '550e8400-e29b-41d4-a716-446655440023', 2, 2025, 3, 194, 4, 3, 38, 4.68, 42, 41, 1, 16200000.0, 600000.0, '2025-03-01T20:24:57.468+00:00', '2025-03-01T22:20:50.493+00:00'),
('sp0e8400-e29b-41d4-a716-446655440701', '550e8400-e29b-41d4-a716-446655440027', 2, 2025, 3, 90, 5, 3, 18, 4.52, 22, 21, 1, 7200000.0, 250000.0, '2025-03-01T10:27:06.970+00:00', '2025-03-01T10:50:22.891+00:00'),
('sp0e8400-e29b-41d4-a716-446655440802', '550e8400-e29b-41d4-a716-446655440028', 2, 2025, 3, 195, 3, 2, 45, 4.72, 49, 48, 1, 19700000.0, 700000.0, '2025-03-01T19:46:01.478+00:00', '2025-03-01T16:36:34.034+00:00'),
('sp0e8400-e29b-41d4-a716-446655441001', '550e8400-e29b-41d4-a716-446655440030', 2, 2025, 3, 86, 6, 2, 20, 4.55, 24, 23, 1, 8100000.0, 280000.0, '2025-03-01T07:26:27.560+00:00', '2025-03-01T08:53:59.505+00:00'),
('sp0e8400-e29b-41d4-a716-446655441102', '550e8400-e29b-41d4-a716-446655440031', 2, 2025, 3, 205, 2, 3, 47, 4.74, 51, 50, 0, 21400000.0, 750000.0, '2025-03-01T19:59:06.661+00:00', '2025-03-01T06:53:39.966+00:00'),
('sp0e8400-e29b-41d4-a716-446655440103', '550e8400-e29b-41d4-a716-446655440021', 3, 2025, 3, 287, 1, 14, 74, 4.75, 79, 76, 0, 29800000.0, 1000000.0, '2025-04-01T07:33:09.543+00:00', '2025-04-01T11:19:19.050+00:00'),
('sp0e8400-e29b-41d4-a716-446655440202', '550e8400-e29b-41d4-a716-446655440022', 3, 2025, 3, 158, 7, 2, 22, 4.55, 25, 24, 0, 8700000.0, 300000.0, '2025-04-01T21:38:12.971+00:00', '2025-04-01T19:59:54.116+00:00'),
('sp0e8400-e29b-41d4-a716-446655440303', '550e8400-e29b-41d4-a716-446655440023', 3, 2025, 3, 203, 4, 3, 49, 4.72, 53, 52, 0, 20500000.0, 800000.0, '2025-04-01T19:40:54.295+00:00', '2025-04-01T19:44:19.953+00:00'),
('sp0e8400-e29b-41d4-a716-446655440401', '550e8400-e29b-41d4-a716-446655440024', 3, 2025, 2, 73, 9, 2, 8, 4.38, 10, 9, 1, 3200000.0, 100000.0, '2025-04-01T12:22:17.297+00:00', '2025-04-01T10:24:21.292+00:00'),
('sp0e8400-e29b-41d4-a716-446655440501', '550e8400-e29b-41d4-a716-446655440025', 3, 2025, 2, 76, 8, 2, 10, 4.4, 12, 11, 1, 3800000.0, 120000.0, '2025-04-01T07:31:35.584+00:00', '2025-04-01T06:26:33.266+00:00'),
('sp0e8400-e29b-41d4-a716-446655440702', '550e8400-e29b-41d4-a716-446655440027', 3, 2025, 3, 182, 5, 3, 26, 4.58, 30, 29, 0, 10200000.0, 350000.0, '2025-04-01T12:21:45.484+00:00', '2025-04-01T07:30:21.907+00:00'),
('sp0e8400-e29b-41d4-a716-446655440803', '550e8400-e29b-41d4-a716-446655440028', 3, 2025, 3, 205, 3, 2, 57, 4.76, 61, 60, 0, 24600000.0, 900000.0, '2025-04-01T20:29:16.363+00:00', '2025-04-01T06:15:26.407+00:00'),
('sp0e8400-e29b-41d4-a716-446655440901', '550e8400-e29b-41d4-a716-446655440029', 3, 2025, 1, 65, 10, 1, 7, 4.35, 9, 8, 1, 2800000.0, 90000.0, '2025-04-01T07:22:36.111+00:00', '2025-04-01T19:03:30.779+00:00'),
('sp0e8400-e29b-41d4-a716-446655441002', '550e8400-e29b-41d4-a716-446655440030', 3, 2025, 3, 178, 6, 2, 28, 4.6, 32, 31, 0, 11200000.0, 380000.0, '2025-04-01T09:59:20.332+00:00', '2025-04-01T22:27:30.868+00:00'),
('sp0e8400-e29b-41d4-a716-446655441103', '550e8400-e29b-41d4-a716-446655440031', 3, 2025, 3, 215, 2, 3, 59, 4.78, 63, 62, 1, 26500000.0, 950000.0, '2025-04-01T17:10:45.456+00:00', '2025-04-01T09:30:41.815+00:00'),
('sp0e8400-e29b-41d4-a716-446655440104', '550e8400-e29b-41d4-a716-446655440021', 4, 2025, 3, 298, 1, 14, 91, 4.78, 95, 92, 1, 35200000.0, 1250000.0, '2025-05-01T17:04:47.062+00:00', '2025-05-01T21:43:25.840+00:00'),
('sp0e8400-e29b-41d4-a716-446655440203', '550e8400-e29b-41d4-a716-446655440022', 4, 2025, 3, 178, 7, 2, 30, 4.6, 33, 32, 1, 11500000.0, 400000.0, '2025-05-01T18:11:26.242+00:00', '2025-05-01T14:57:54.763+00:00'),
('sp0e8400-e29b-41d4-a716-446655440304', '550e8400-e29b-41d4-a716-446655440023', 4, 2025, 3, 212, 4, 3, 61, 4.76, 65, 64, 0, 25100000.0, 1000000.0, '2025-05-01T19:02:09.490+00:00', '2025-05-01T10:18:41.061+00:00'),
('sp0e8400-e29b-41d4-a716-446655440402', '550e8400-e29b-41d4-a716-446655440024', 4, 2025, 3, 149, 9, 2, 12, 4.42, 15, 14, 1, 4800000.0, 150000.0, '2025-05-01T17:54:53.686+00:00', '2025-05-01T12:12:43.198+00:00'),
('sp0e8400-e29b-41d4-a716-446655440502', '550e8400-e29b-41d4-a716-446655440025', 4, 2025, 3, 150, 8, 2, 14, 4.43, 17, 16, 1, 5400000.0, 180000.0, '2025-05-01T07:12:14.780+00:00', '2025-05-01T08:19:02.573+00:00'),
('sp0e8400-e29b-41d4-a716-446655440601', '550e8400-e29b-41d4-a716-446655440026', 4, 2025, 2, 70, 11, 2, 6, 4.33, 8, 7, 1, 2400000.0, 80000.0, '2025-05-01T18:50:40.356+00:00', '2025-05-01T12:51:39.146+00:00'),
('sp0e8400-e29b-41d4-a716-446655440703', '550e8400-e29b-41d4-a716-446655440027', 4, 2025, 3, 188, 5, 3, 35, 4.63, 39, 38, 1, 13400000.0, 500000.0, '2025-05-01T07:21:29.928+00:00', '2025-05-01T06:51:06.228+00:00'),
('sp0e8400-e29b-41d4-a716-446655440804', '550e8400-e29b-41d4-a716-446655440028', 4, 2025, 3, 215, 3, 2, 70, 4.79, 74, 73, 1, 29800000.0, 1100000.0, '2025-05-01T12:53:50.526+00:00', '2025-05-01T14:24:17.332+00:00'),
('sp0e8400-e29b-41d4-a716-446655440902', '550e8400-e29b-41d4-a716-446655440029', 4, 2025, 3, 121, 10, 1, 11, 4.4, 14, 13, 1, 4300000.0, 140000.0, '2025-05-01T22:37:37.422+00:00', '2025-05-01T11:31:43.127+00:00'),
('sp0e8400-e29b-41d4-a716-446655441003', '550e8400-e29b-41d4-a716-446655440030', 4, 2025, 3, 184, 6, 2, 37, 4.65, 41, 40, 1, 14500000.0, 530000.0, '2025-05-01T18:03:25.201+00:00', '2025-05-01T08:37:47.049+00:00'),
('sp0e8400-e29b-41d4-a716-446655441104', '550e8400-e29b-41d4-a716-446655440031', 4, 2025, 3, 226, 2, 3, 72, 4.81, 76, 75, 0, 32100000.0, 1150000.0, '2025-05-01T14:54:54.093+00:00', '2025-05-01T14:50:34.994+00:00'),
('sp0e8400-e29b-41d4-a716-446655440105', '550e8400-e29b-41d4-a716-446655440021', 5, 2025, 3, 311, 1, 14, 108, 4.8, 112, 109, 0, 41500000.0, 1500000.0, '2025-06-01T20:33:40.529+00:00', '2025-06-01T15:58:47.862+00:00'),
('sp0e8400-e29b-41d4-a716-446655440204', '550e8400-e29b-41d4-a716-446655440022', 5, 2025, 3, 185, 7, 2, 38, 4.62, 41, 40, 0, 14300000.0, 500000.0, '2025-06-01T17:09:25.374+00:00', '2025-06-01T07:17:17.524+00:00'),
('sp0e8400-e29b-41d4-a716-446655440305', '550e8400-e29b-41d4-a716-446655440023', 5, 2025, 3, 222, 4, 3, 74, 4.79, 78, 77, 1, 30200000.0, 1200000.0, '2025-06-01T09:52:56.479+00:00', '2025-06-01T14:07:11.571+00:00'),
('sp0e8400-e29b-41d4-a716-446655440403', '550e8400-e29b-41d4-a716-446655440024', 5, 2025, 3, 168, 9, 2, 17, 4.45, 20, 19, 0, 6400000.0, 200000.0, '2025-06-01T22:06:43.478+00:00', '2025-06-01T15:16:00.242+00:00'),
('sp0e8400-e29b-41d4-a716-446655440503', '550e8400-e29b-41d4-a716-446655440025', 5, 2025, 3, 170, 8, 2, 19, 4.47, 22, 21, 0, 7000000.0, 220000.0, '2025-06-01T10:06:00.762+00:00', '2025-06-01T14:52:25.395+00:00'),
('sp0e8400-e29b-41d4-a716-446655440602', '550e8400-e29b-41d4-a716-446655440026', 5, 2025, 3, 145, 11, 2, 9, 4.39, 12, 11, 1, 3700000.0, 120000.0, '2025-06-01T17:53:15.108+00:00', '2025-06-01T10:42:31.948+00:00'),
('sp0e8400-e29b-41d4-a716-446655440704', '550e8400-e29b-41d4-a716-446655440027', 5, 2025, 3, 196, 5, 3, 44, 4.67, 48, 47, 0, 16800000.0, 650000.0, '2025-06-01T14:00:11.476+00:00', '2025-06-01T14:44:46.115+00:00'),
('sp0e8400-e29b-41d4-a716-446655440805', '550e8400-e29b-41d4-a716-446655440028', 5, 2025, 3, 226, 3, 2, 83, 4.82, 87, 86, 0, 35100000.0, 1350000.0, '2025-06-01T20:17:54.887+00:00', '2025-06-01T16:29:54.734+00:00'),
('sp0e8400-e29b-41d4-a716-446655440903', '550e8400-e29b-41d4-a716-446655440029', 5, 2025, 3, 161, 10, 1, 15, 4.44, 18, 17, 0, 5700000.0, 190000.0, '2025-06-01T13:11:02.242+00:00', '2025-06-01T19:52:08.925+00:00'),
('sp0e8400-e29b-41d4-a716-446655441004', '550e8400-e29b-41d4-a716-446655440030', 5, 2025, 3, 192, 6, 2, 46, 4.68, 50, 49, 0, 17900000.0, 680000.0, '2025-06-01T13:30:15.117+00:00', '2025-06-01T14:01:04.711+00:00'),
('sp0e8400-e29b-41d4-a716-446655441105', '550e8400-e29b-41d4-a716-446655440031', 5, 2025, 3, 237, 2, 3, 85, 4.84, 89, 88, 1, 37800000.0, 1400000.0, '2025-06-01T06:12:49.298+00:00', '2025-06-01T18:22:07.986+00:00'),
('sp0e8400-e29b-41d4-a716-446655440106', '550e8400-e29b-41d4-a716-446655440021', 6, 2025, 3, 325, 1, 14, 126, 4.82, 130, 127, 1, 48700000.0, 2000000.0, '2025-07-01T11:00:00.932+00:00', '2025-07-01T19:59:45.259+00:00'),
('sp0e8400-e29b-41d4-a716-446655440205', '550e8400-e29b-41d4-a716-446655440022', 6, 2025, 3, 192, 7, 2, 47, 4.65, 50, 49, 0, 17800000.0, 600000.0, '2025-07-01T15:01:04.998+00:00', '2025-07-01T17:29:27.776+00:00'),
('sp0e8400-e29b-41d4-a716-446655440306', '550e8400-e29b-41d4-a716-446655440023', 6, 2025, 3, 234, 4, 3, 88, 4.82, 92, 91, 0, 35700000.0, 1500000.0, '2025-07-01T08:12:19.550+00:00', '2025-07-01T06:05:46.386+00:00'),
('sp0e8400-e29b-41d4-a716-446655440404', '550e8400-e29b-41d4-a716-446655440024', 6, 2025, 3, 172, 9, 2, 22, 4.48, 26, 25, 1, 8200000.0, 250000.0, '2025-07-01T19:07:08.857+00:00', '2025-07-01T15:44:32.585+00:00'),
('sp0e8400-e29b-41d4-a716-446655440504', '550e8400-e29b-41d4-a716-446655440025', 6, 2025, 3, 173, 8, 2, 24, 4.5, 28, 27, 1, 8900000.0, 270000.0, '2025-07-01T10:21:40.875+00:00', '2025-07-01T22:09:41.473+00:00'),
('sp0e8400-e29b-41d4-a716-446655440603', '550e8400-e29b-41d4-a716-446655440026', 6, 2025, 3, 165, 10, 2, 13, 4.42, 16, 15, 0, 5100000.0, 170000.0, '2025-07-01T09:12:11.565+00:00', '2025-07-01T10:41:37.448+00:00'),
('sp0e8400-e29b-41d4-a716-446655440705', '550e8400-e29b-41d4-a716-446655440027', 6, 2025, 3, 202, 5, 3, 53, 4.7, 57, 56, 1, 20100000.0, 750000.0, '2025-07-01T17:51:12.160+00:00', '2025-07-01T18:53:50.038+00:00'),
('sp0e8400-e29b-41d4-a716-446655440806', '550e8400-e29b-41d4-a716-446655440028', 6, 2025, 3, 237, 3, 2, 96, 4.84, 100, 99, 1, 40400000.0, 1600000.0, '2025-07-01T09:15:26.340+00:00', '2025-07-01T16:08:12.684+00:00'),
('sp0e8400-e29b-41d4-a716-446655440904', '550e8400-e29b-41d4-a716-446655440029', 6, 2025, 3, 164, 11, 1, 20, 4.47, 24, 23, 1, 7400000.0, 240000.0, '2025-07-01T07:15:36.649+00:00', '2025-07-01T09:37:34.194+00:00'),
('sp0e8400-e29b-41d4-a716-446655441005', '550e8400-e29b-41d4-a716-446655440030', 6, 2025, 3, 198, 6, 2, 55, 4.72, 59, 58, 1, 21300000.0, 780000.0, '2025-07-01T10:44:07.607+00:00', '2025-07-01T18:51:19.757+00:00'),
('sp0e8400-e29b-41d4-a716-446655441106', '550e8400-e29b-41d4-a716-446655440031', 6, 2025, 3, 249, 2, 3, 98, 4.86, 102, 101, 0, 43500000.0, 1650000.0, '2025-07-01T21:42:37.097+00:00', '2025-07-01T06:32:35.632+00:00'),
('sp0e8400-e29b-41d4-a716-446655440107', '550e8400-e29b-41d4-a716-446655440021', 7, 2025, 3, 339, 1, 14, 145, 4.85, 148, 146, 0, 55400000.0, 2500000.0, '2025-08-01T20:14:57.472+00:00', '2025-08-01T21:58:16.479+00:00'),
('sp0e8400-e29b-41d4-a716-446655440206', '550e8400-e29b-41d4-a716-446655440022', 7, 2025, 3, 197, 7, 2, 55, 4.68, 58, 57, 1, 20500000.0, 700000.0, '2025-08-01T12:24:02.573+00:00', '2025-08-01T13:03:42.123+00:00'),
('sp0e8400-e29b-41d4-a716-446655440307', '550e8400-e29b-41d4-a716-446655440023', 7, 2025, 3, 245, 4, 3, 102, 4.84, 106, 105, 0, 41200000.0, 1800000.0, '2025-08-01T16:07:06.414+00:00', '2025-08-01T14:46:56.823+00:00'),
('sp0e8400-e29b-41d4-a716-446655440405', '550e8400-e29b-41d4-a716-446655440024', 7, 2025, 3, 175, 9, 2, 27, 4.52, 31, 30, 1, 9800000.0, 300000.0, '2025-08-01T15:41:02.527+00:00', '2025-08-01T06:45:17.274+00:00'),
('sp0e8400-e29b-41d4-a716-446655440505', '550e8400-e29b-41d4-a716-446655440025', 7, 2025, 3, 177, 8, 2, 29, 4.53, 33, 32, 0, 10500000.0, 320000.0, '2025-08-01T20:04:20.679+00:00', '2025-08-01T15:47:15.769+00:00'),
('sp0e8400-e29b-41d4-a716-446655440604', '550e8400-e29b-41d4-a716-446655440026', 7, 2025, 3, 168, 10, 2, 17, 4.45, 21, 20, 1, 6700000.0, 220000.0, '2025-08-01T11:56:19.881+00:00', '2025-08-01T11:35:21.812+00:00'),
('sp0e8400-e29b-41d4-a716-446655440706', '550e8400-e29b-41d4-a716-446655440027', 7, 2025, 3, 209, 5, 3, 62, 4.73, 66, 65, 0, 23400000.0, 850000.0, '2025-08-01T20:10:04.572+00:00', '2025-08-01T15:37:39.001+00:00'),
('sp0e8400-e29b-41d4-a716-446655440807', '550e8400-e29b-41d4-a716-446655440028', 7, 2025, 3, 248, 3, 2, 109, 4.86, 113, 112, 0, 45700000.0, 1850000.0, '2025-08-01T14:46:06.050+00:00', '2025-08-01T13:22:37.854+00:00'),
('sp0e8400-e29b-41d4-a716-446655440905', '550e8400-e29b-41d4-a716-446655440029', 7, 2025, 3, 168, 10, 1, 25, 4.5, 29, 28, 0, 9100000.0, 290000.0, '2025-08-01T07:35:51.982+00:00', '2025-08-01T14:18:12.065+00:00'),
('sp0e8400-e29b-41d4-a716-446655441006', '550e8400-e29b-41d4-a716-446655440030', 7, 2025, 3, 206, 6, 2, 64, 4.75, 68, 67, 0, 24700000.0, 880000.0, '2025-08-01T20:20:43.651+00:00', '2025-08-01T10:00:52.797+00:00'),
('sp0e8400-e29b-41d4-a716-446655441107', '550e8400-e29b-41d4-a716-446655440031', 7, 2025, 3, 261, 2, 3, 111, 4.88, 115, 114, 1, 49200000.0, 1900000.0, '2025-08-01T18:14:11.614+00:00', '2025-08-01T18:24:03.089+00:00'),
('sp0e8400-e29b-41d4-a716-446655440108', '550e8400-e29b-41d4-a716-446655440021', 8, 2025, 3, 352, 1, 14, 163, 4.87, 165, 163, 0, 62100000.0, 3000000.0, '2025-09-01T08:43:05.575+00:00', '2025-09-01T16:40:48.047+00:00'),
('sp0e8400-e29b-41d4-a716-446655440207', '550e8400-e29b-41d4-a716-446655440022', 8, 2025, 3, 203, 7, 2, 63, 4.7, 66, 65, 0, 23200000.0, 800000.0, '2025-09-01T21:31:37.828+00:00', '2025-09-01T20:10:00.418+00:00'),
('sp0e8400-e29b-41d4-a716-446655440308', '550e8400-e29b-41d4-a716-446655440023', 8, 2025, 3, 255, 4, 3, 115, 4.85, 119, 118, 1, 46300000.0, 2000000.0, '2025-09-01T12:27:06.475+00:00', '2025-09-01T14:35:25.337+00:00'),
('sp0e8400-e29b-41d4-a716-446655440406', '550e8400-e29b-41d4-a716-446655440024', 8, 2025, 3, 179, 9, 2, 32, 4.55, 36, 35, 0, 11400000.0, 350000.0, '2025-09-01T17:28:05.615+00:00', '2025-09-01T22:37:22.336+00:00'),
('sp0e8400-e29b-41d4-a716-446655440506', '550e8400-e29b-41d4-a716-446655440025', 8, 2025, 3, 180, 8, 2, 34, 4.56, 38, 37, 1, 12100000.0, 370000.0, '2025-09-01T20:02:47.464+00:00', '2025-09-01T22:49:51.292+00:00'),
('sp0e8400-e29b-41d4-a716-446655440605', '550e8400-e29b-41d4-a716-446655440026', 8, 2025, 3, 172, 10, 2, 21, 4.48, 25, 24, 0, 8100000.0, 270000.0, '2025-09-01T09:52:32.520+00:00', '2025-09-01T22:27:49.029+00:00'),
('sp0e8400-e29b-41d4-a716-446655440707', '550e8400-e29b-41d4-a716-446655440027', 8, 2025, 3, 215, 5, 3, 71, 4.75, 75, 74, 1, 26700000.0, 950000.0, '2025-09-01T20:21:02.161+00:00', '2025-09-01T21:11:31.220+00:00'),
('sp0e8400-e29b-41d4-a716-446655440808', '550e8400-e29b-41d4-a716-446655440028', 8, 2025, 3, 258, 3, 2, 122, 4.87, 126, 125, 1, 51000000.0, 2100000.0, '2025-09-01T21:21:31.851+00:00', '2025-09-01T10:00:18.915+00:00'),
('sp0e8400-e29b-41d4-a716-446655440906', '550e8400-e29b-41d4-a716-446655440029', 8, 2025, 3, 171, 11, 1, 30, 4.53, 34, 33, 1, 10700000.0, 340000.0, '2025-09-01T19:52:23.428+00:00', '2025-09-01T13:23:59.068+00:00'),
('sp0e8400-e29b-41d4-a716-446655441007', '550e8400-e29b-41d4-a716-446655440030', 8, 2025, 3, 212, 6, 2, 73, 4.77, 77, 76, 1, 28100000.0, 980000.0, '2025-09-01T09:44:38.931+00:00', '2025-09-01T22:28:24.282+00:00'),
('sp0e8400-e29b-41d4-a716-446655441108', '550e8400-e29b-41d4-a716-446655440031', 8, 2025, 3, 272, 2, 3, 124, 4.89, 128, 127, 0, 54900000.0, 2150000.0, '2025-09-01T20:47:41.569+00:00', '2025-09-01T14:48:59.085+00:00'),
('sp0e8400-e29b-41d4-a716-446655440109', '550e8400-e29b-41d4-a716-446655440021', 9, 2025, 3, 366, 1, 14, 180, 4.88, 182, 181, 0, 68900000.0, 3500000.0, '2025-10-01T19:33:21.661+00:00', '2025-10-01T07:50:15.132+00:00'),
('sp0e8400-e29b-41d4-a716-446655440208', '550e8400-e29b-41d4-a716-446655440022', 9, 2025, 3, 208, 7, 2, 71, 4.72, 74, 73, 1, 26100000.0, 900000.0, '2025-10-01T17:33:37.717+00:00', '2025-10-01T10:45:23.280+00:00'),
('sp0e8400-e29b-41d4-a716-446655440309', '550e8400-e29b-41d4-a716-446655440023', 9, 2025, 3, 265, 4, 3, 128, 4.86, 132, 131, 0, 51500000.0, 2200000.0, '2025-10-01T14:00:06.400+00:00', '2025-10-01T07:13:04.467+00:00'),
('sp0e8400-e29b-41d4-a716-446655440407', '550e8400-e29b-41d4-a716-446655440024', 9, 2025, 3, 181, 9, 2, 37, 4.57, 41, 40, 1, 13000000.0, 400000.0, '2025-10-01T08:31:55.609+00:00', '2025-10-01T16:56:59.437+00:00'),
('sp0e8400-e29b-41d4-a716-446655440507', '550e8400-e29b-41d4-a716-446655440025', 9, 2025, 3, 183, 8, 2, 39, 4.58, 43, 42, 0, 13700000.0, 420000.0, '2025-10-01T06:03:17.501+00:00', '2025-10-01T11:03:34.546+00:00'),
('sp0e8400-e29b-41d4-a716-446655440606', '550e8400-e29b-41d4-a716-446655440026', 9, 2025, 3, 174, 11, 2, 25, 4.52, 29, 28, 1, 9500000.0, 320000.0, '2025-10-01T19:09:48.901+00:00', '2025-10-01T10:57:37.582+00:00'),
('sp0e8400-e29b-41d4-a716-446655440708', '550e8400-e29b-41d4-a716-446655440027', 9, 2025, 3, 222, 5, 3, 80, 4.77, 84, 83, 0, 30000000.0, 1050000.0, '2025-10-01T06:02:07.697+00:00', '2025-10-01T13:50:21.079+00:00'),
('sp0e8400-e29b-41d4-a716-446655440809', '550e8400-e29b-41d4-a716-446655440028', 9, 2025, 3, 269, 3, 2, 135, 4.88, 139, 138, 0, 56300000.0, 2350000.0, '2025-10-01T09:34:12.482+00:00', '2025-10-01T16:33:43.774+00:00'),
('sp0e8400-e29b-41d4-a716-446655440907', '550e8400-e29b-41d4-a716-446655440029', 9, 2025, 3, 175, 10, 1, 35, 4.55, 39, 38, 0, 12300000.0, 390000.0, '2025-10-01T18:27:10.012+00:00', '2025-10-01T20:16:24.294+00:00'),
('sp0e8400-e29b-41d4-a716-446655441008', '550e8400-e29b-41d4-a716-446655440030', 9, 2025, 3, 219, 6, 2, 82, 4.79, 86, 85, 0, 31500000.0, 1080000.0, '2025-10-01T14:02:56.070+00:00', '2025-10-01T22:23:04.188+00:00'),
('sp0e8400-e29b-41d4-a716-446655441109', '550e8400-e29b-41d4-a716-446655440031', 9, 2025, 3, 283, 2, 3, 137, 4.9, 141, 140, 1, 60600000.0, 2400000.0, '2025-10-01T18:59:28.105+00:00', '2025-10-01T20:17:10.726+00:00'),
('sp0e8400-e29b-41d4-a716-446655440110', '550e8400-e29b-41d4-a716-446655440021', 10, 2025, 3, 380, 1, 14, 198, 4.9, 200, 199, 0, 75800000.0, 4000000.0, '2025-11-01T08:16:38.273+00:00', '2025-11-01T09:17:10.248+00:00'),
('sp0e8400-e29b-41d4-a716-446655440209', '550e8400-e29b-41d4-a716-446655440022', 10, 2025, 3, 214, 7, 2, 79, 4.73, 82, 81, 0, 28900000.0, 950000.0, '2025-11-01T12:45:41.957+00:00', '2025-11-01T21:35:00.798+00:00'),
('sp0e8400-e29b-41d4-a716-446655440310', '550e8400-e29b-41d4-a716-446655440023', 10, 2025, 3, 276, 4, 3, 141, 4.87, 145, 144, 1, 56800000.0, 2400000.0, '2025-11-01T21:29:29.681+00:00', '2025-11-01T22:53:27.985+00:00'),
('sp0e8400-e29b-41d4-a716-446655440408', '550e8400-e29b-41d4-a716-446655440024', 10, 2025, 3, 185, 9, 2, 42, 4.6, 46, 45, 0, 14600000.0, 450000.0, '2025-11-01T21:11:51.351+00:00', '2025-11-01T21:24:13.545+00:00'),
('sp0e8400-e29b-41d4-a716-446655440508', '550e8400-e29b-41d4-a716-446655440025', 10, 2025, 3, 186, 8, 2, 44, 4.61, 48, 47, 1, 15300000.0, 470000.0, '2025-11-01T20:58:23.085+00:00', '2025-11-01T15:10:21.444+00:00'),
('sp0e8400-e29b-41d4-a716-446655440607', '550e8400-e29b-41d4-a716-446655440026', 10, 2025, 3, 178, 10, 2, 29, 4.55, 33, 32, 0, 10900000.0, 370000.0, '2025-11-01T10:23:44.350+00:00', '2025-11-01T07:58:27.465+00:00'),
('sp0e8400-e29b-41d4-a716-446655440709', '550e8400-e29b-41d4-a716-446655440027', 10, 2025, 3, 228, 5, 3, 89, 4.79, 93, 92, 1, 33300000.0, 1150000.0, '2025-11-01T11:10:49.643+00:00', '2025-11-01T22:15:08.921+00:00'),
('sp0e8400-e29b-41d4-a716-446655440810', '550e8400-e29b-41d4-a716-446655440028', 10, 2025, 3, 279, 3, 2, 148, 4.89, 152, 151, 1, 61600000.0, 2600000.0, '2025-11-01T10:08:51.542+00:00', '2025-11-01T11:02:46.070+00:00'),
('sp0e8400-e29b-41d4-a716-446655440908', '550e8400-e29b-41d4-a716-446655440029', 10, 2025, 3, 177, 11, 1, 40, 4.58, 44, 43, 1, 13900000.0, 440000.0, '2025-11-01T20:15:12.385+00:00', '2025-11-01T20:43:39.890+00:00'),
('sp0e8400-e29b-41d4-a716-446655441009', '550e8400-e29b-41d4-a716-446655440030', 10, 2025, 3, 226, 6, 2, 91, 4.81, 95, 94, 1, 34900000.0, 1180000.0, '2025-11-01T14:13:37.775+00:00', '2025-11-01T09:08:20.436+00:00'),
('sp0e8400-e29b-41d4-a716-446655441110', '550e8400-e29b-41d4-a716-446655440031', 10, 2025, 3, 295, 2, 3, 150, 4.91, 154, 153, 0, 66300000.0, 2650000.0, '2025-11-01T16:32:24.389+00:00', '2025-11-01T06:53:59.799+00:00'),
('sp0e8400-e29b-41d4-a716-446655440111', '550e8400-e29b-41d4-a716-446655440021', 11, 2025, 3, 393, 1, 14, 215, 4.92, 217, 216, 0, 82400000.0, 4500000.0, '2025-11-05T08:10:18.821+00:00', '2025-11-05T16:12:47.253+00:00'),
('sp0e8400-e29b-41d4-a716-446655440210', '550e8400-e29b-41d4-a716-446655440022', 11, 2025, 3, 219, 7, 2, 86, 4.75, 89, 88, 1, 31400000.0, 1000000.0, '2025-11-05T21:37:45.496+00:00', '2025-11-05T12:11:04.140+00:00'),
('sp0e8400-e29b-41d4-a716-446655440311', '550e8400-e29b-41d4-a716-446655440023', 11, 2025, 3, 287, 4, 3, 154, 4.88, 158, 157, 0, 62100000.0, 2600000.0, '2025-11-05T15:31:16.079+00:00', '2025-11-05T19:26:49.548+00:00'),
('sp0e8400-e29b-41d4-a716-446655440409', '550e8400-e29b-41d4-a716-446655440024', 11, 2025, 3, 188, 9, 2, 47, 4.62, 51, 50, 1, 16200000.0, 500000.0, '2025-11-05T09:00:14.073+00:00', '2025-11-05T12:58:06.937+00:00'),
('sp0e8400-e29b-41d4-a716-446655440509', '550e8400-e29b-41d4-a716-446655440025', 11, 2025, 3, 190, 8, 2, 49, 4.63, 53, 52, 0, 16900000.0, 520000.0, '2025-11-05T12:50:47.573+00:00', '2025-11-05T17:41:51.765+00:00'),
('sp0e8400-e29b-41d4-a716-446655440608', '550e8400-e29b-41d4-a716-446655440026', 11, 2025, 3, 180, 11, 2, 33, 4.57, 37, 36, 1, 12300000.0, 420000.0, '2025-11-05T16:25:09.982+00:00', '2025-11-05T09:12:56.289+00:00'),
('sp0e8400-e29b-41d4-a716-446655440710', '550e8400-e29b-41d4-a716-446655440027', 11, 2025, 3, 236, 5, 3, 98, 4.8, 102, 101, 0, 36600000.0, 1250000.0, '2025-11-05T18:52:59.502+00:00', '2025-11-05T20:02:22.473+00:00'),
('sp0e8400-e29b-41d4-a716-446655440811', '550e8400-e29b-41d4-a716-446655440028', 11, 2025, 3, 290, 3, 2, 161, 4.9, 165, 164, 0, 66900000.0, 2850000.0, '2025-11-05T21:22:03.772+00:00', '2025-11-05T11:31:33.381+00:00'),
('sp0e8400-e29b-41d4-a716-446655440909', '550e8400-e29b-41d4-a716-446655440029', 11, 2025, 3, 181, 10, 1, 45, 4.6, 49, 48, 0, 15500000.0, 490000.0, '2025-11-05T14:44:50.580+00:00', '2025-11-05T15:27:39.039+00:00'),
('sp0e8400-e29b-41d4-a716-446655441010', '550e8400-e29b-41d4-a716-446655440030', 11, 2025, 3, 233, 6, 2, 100, 4.82, 104, 103, 0, 38300000.0, 1280000.0, '2025-11-05T11:25:35.872+00:00', '2025-11-05T14:51:19.702+00:00'),
('sp0e8400-e29b-41d4-a716-446655441111', '550e8400-e29b-41d4-a716-446655440031', 11, 2025, 3, 306, 2, 3, 163, 4.92, 167, 166, 1, 72000000.0, 2900000.0, '2025-11-05T08:00:09.844+00:00', '2025-11-05T17:54:30.284+00:00');

-- Total: 109 seer performance records

-- ============================================================================
-- Re-enable triggers and constraints
-- ============================================================================
SET session_replication_role = 'origin';

-- ============================================================================
-- VERIFY DATA
-- ============================================================================
SELECT 'Knowledge Categories' as table_name, COUNT(*) as record_count FROM knowledge_category
UNION ALL
SELECT 'Users', COUNT(*) FROM "user"
UNION ALL
SELECT 'Seer Specialities', COUNT(*) FROM seer_speciality
UNION ALL
SELECT 'Customer Potential', COUNT(*) FROM customer_potential
UNION ALL
SELECT 'Seer Performance', COUNT(*) FROM seer_performance;

-- ============================================================================
-- IMPORT SUMMARY
-- ============================================================================
-- Knowledge Categories: 6 records
-- Users: 81 records (70 customers + 11 seers)
-- Seer Specialities: 25 records
-- Customer Potential: 504 records
-- Seer Performance: 109 records
-- TOTAL: 725 records
-- ============================================================================